League Name,Team Name,Team ID,Exclude?,,,,,,,,
AFC Champions League,FC Machida,6207339,,,,,,,,,
AFC Champions League,Gangwon,5348606,,,,,,,,,
AFC Ladies Asian Cup,Iran (W),5375335,,,,,,,,,
AFC Ladies Asian Cup,South Korea (W),548619,,,,,,,,,
Argentinian Primera Division,Aldosivi,5174666,,,,,,,,,
Argentinian Primera Division,Argentinos Juniors,453739,,,,,,,,,
Argentinian Primera Division,Atl Tucuman,5181445,,,,,,,,,
Argentinian Primera Division,Banfield,194508,,,,,,,,,
Argentinian Primera Division,Barracas Central,5408226,,,,,,,,,
Argentinian Primera Division,Belgrano,1496989,,,,,,,,,
Argentinian Primera Division,Boca Juniors,17304,,,,,,,,,
Argentinian Primera Division,CA Huracan,12545982,,,,,,,,,
Argentinian Primera Division,CA Platense,10305879,,,,,,,,,
Argentinian Primera Division,Defensa y Justicia,5178272,,,,,,,,,
Argentinian Primera Division,Deportivo Riestra,5994579,,,,,,,,,
Argentinian Primera Division,Estudiantes,194509,,,,,,,,,
Argentinian Primera Division,Estudiantes Rio Cuarto,10891028,,,,,,,,,
Argentinian Primera Division,Gimnasia La Plata,1213581,,,,,,,,,
Argentinian Primera Division,Independiente Rivadavia,5333044,,,,,,,,,
Argentinian Primera Division,Instituto,897267,,,,,,,,,
Argentinian Primera Division,Lanus,194513,,,,,,,,,
Argentinian Primera Division,Newells,194506,,,,,,,,,
Argentinian Primera Division,Racing Club,198558,,,,,,,,,
Argentinian Primera Division,River Plate,194515,,,,,,,,,
Argentinian Primera Division,Rosario Central,220949,,,,,,,,,
Argentinian Primera Division,Sarmiento de Junin,5971606,,,,,,,,,
Argentinian Primera Division,Tigre,2451815,,,,,,,,,
Argentinian Primera Division,Union Santa Fe,194516,,,,,,,,,
Argentinian Primera Division,Velez Sarsfield,192085,,,,,,,,,
Argentinian Primera Nacional,All Boys,4724521,,,,,,,,,
Argentinian Primera Nacional,Almirante Brown,5359221,,,,,,,,,
Argentinian Primera Nacional,Atletico Rafaela,476271,,,,,,,,,
Argentinian Primera Nacional,CA Atlanta,5860879,,,,,,,,,
Argentinian Primera Nacional,CA Central Norte,8278454,,,,,"search_terms = [""Burgos"", ""Cittadella"", ""Andorra""]",,,,
Argentinian Primera Nacional,CA Colegiales,7670892,,,,,,,,,
Argentinian Primera Nacional,CA Guemes,10918282,,,,,,,,,
Argentinian Primera Nacional,CA Temperley,8742769,,,,,Burgos,,,"[""Burgos""","[""Burgos"""
Argentinian Primera Nacional,CD MAIPU,10723921,,,,,Cittadella,,,"""Cittadella""","[""Burgos"",""Cittadella"""
Argentinian Primera Nacional,Chacarita,192084,,,,,Andorra CF,,,"""Andorra CF""","[""Burgos"",""Cittadella"",""Andorra CF"""
Argentinian Primera Nacional,Ciudad de Bolivar,27910101,,,,,Sport Recife,,,"""Sport Recife""","[""Burgos"",""Cittadella"",""Andorra CF"",""Sport Recife"""
Argentinian Primera Nacional,Club Atletico Mitre,14926119,,,,,Malaga,,,"""Malaga""","[""Burgos"",""Cittadella"",""Andorra CF"",""Sport Recife"",""Malaga"""
Argentinian Primera Nacional,Club Atletico Racing de Cor,39912836,,,,,Cruzeiro MG,,,"""Cruzeiro MG""","[""Burgos"",""Cittadella"",""Andorra CF"",""Sport Recife"",""Malaga"",""Cruzeiro MG"""
Argentinian Primera Nacional,Deportivo Madryn,10995035,,,,,Basaksehir,,,"""Basaksehir""","[""Burgos"",""Cittadella"",""Andorra CF"",""Sport Recife"",""Malaga"",""Cruzeiro MG"",""Basaksehir"""
Argentinian Primera Nacional,Deportivo Moron,5289143,,,,,Incheon,,,"""Incheon""","[""Burgos"",""Cittadella"",""Andorra CF"",""Sport Recife"",""Malaga"",""Cruzeiro MG"",""Basaksehir"",""Incheon"""
Argentinian Primera Nacional,Estudiantes de Caseros,7546748,,,,,Wanderers (Uru),,,"""Wanderers (Uru)""","[""Burgos"",""Cittadella"",""Andorra CF"",""Sport Recife"",""Malaga"",""Cruzeiro MG"",""Basaksehir"",""Incheon"",""Wanderers (Uru)"""
Argentinian Primera Nacional,FC Midland,9518489,,,,,Varzim,,,"""Varzim""","[""Burgos"",""Cittadella"",""Andorra CF"",""Sport Recife"",""Malaga"",""Cruzeiro MG"",""Basaksehir"",""Incheon"",""Wanderers (Uru)"",""Varzim"""
Argentinian Primera Nacional,Gimnasia Jujuy,1213580,,,,,Elche,,,"""Elche""","[""Burgos"",""Cittadella"",""Andorra CF"",""Sport Recife"",""Malaga"",""Cruzeiro MG"",""Basaksehir"",""Incheon"",""Wanderers (Uru)"",""Varzim"",""Elche"""
Argentinian Primera Nacional,Godoy Cruz,1551296,,,,,Fortaleza EC,,,"""Fortaleza EC""","[""Burgos"",""Cittadella"",""Andorra CF"",""Sport Recife"",""Malaga"",""Cruzeiro MG"",""Basaksehir"",""Incheon"",""Wanderers (Uru)"",""Varzim"",""Elche"",""Fortaleza EC"""
Argentinian Primera Nacional,Patronato,5178628,,,,,Reggina,,,"""Reggina""","[""Burgos"",""Cittadella"",""Andorra CF"",""Sport Recife"",""Malaga"",""Cruzeiro MG"",""Basaksehir"",""Incheon"",""Wanderers (Uru)"",""Varzim"",""Elche"",""Fortaleza EC"",""Reggina"""
Argentinian Primera Nacional,Quilmes,476270,,,,,Fluminense,,,"""Fluminense""","[""Burgos"",""Cittadella"",""Andorra CF"",""Sport Recife"",""Malaga"",""Cruzeiro MG"",""Basaksehir"",""Incheon"",""Wanderers (Uru)"",""Varzim"",""Elche"",""Fortaleza EC"",""Reggina"",""Fluminense"""
Argentinian Primera Nacional,San Martin de San Juan,13140404,,,,,Valladolid,,,"""Valladolid""","[""Burgos"",""Cittadella"",""Andorra CF"",""Sport Recife"",""Malaga"",""Cruzeiro MG"",""Basaksehir"",""Incheon"",""Wanderers (Uru)"",""Varzim"",""Elche"",""Fortaleza EC"",""Reggina"",""Fluminense"",""Valladolid"""
Argentinian Primera Nacional,San Martin de Tucuman,7097927,,,,,Empoli,,,"""Empoli""","[""Burgos"",""Cittadella"",""Andorra CF"",""Sport Recife"",""Malaga"",""Cruzeiro MG"",""Basaksehir"",""Incheon"",""Wanderers (Uru)"",""Varzim"",""Elche"",""Fortaleza EC"",""Reggina"",""Fluminense"",""Valladolid"",""Empoli"""
Argentinian Primera Nacional,Tristan Suarez,7128568,,,,,Frosinone,,,"""Frosinone""","[""Burgos"",""Cittadella"",""Andorra CF"",""Sport Recife"",""Malaga"",""Cruzeiro MG"",""Basaksehir"",""Incheon"",""Wanderers (Uru)"",""Varzim"",""Elche"",""Fortaleza EC"",""Reggina"",""Fluminense"",""Valladolid"",""Empoli"",""Frosinone"""
Armenian Premier League,FC Noah,25068897,,,,,Penarol,,,"""Penarol""","[""Burgos"",""Cittadella"",""Andorra CF"",""Sport Recife"",""Malaga"",""Cruzeiro MG"",""Basaksehir"",""Incheon"",""Wanderers (Uru)"",""Varzim"",""Elche"",""Fortaleza EC"",""Reggina"",""Fluminense"",""Valladolid"",""Empoli"",""Frosinone"",""Penarol"""
Armenian Premier League,Gandzasar Kapan,4043809,,,,,Besiktas,,,"""Besiktas""","[""Burgos"",""Cittadella"",""Andorra CF"",""Sport Recife"",""Malaga"",""Cruzeiro MG"",""Basaksehir"",""Incheon"",""Wanderers (Uru)"",""Varzim"",""Elche"",""Fortaleza EC"",""Reggina"",""Fluminense"",""Valladolid"",""Empoli"",""Frosinone"",""Penarol"",""Besiktas"""
Australian A-League Men,Adelaide United,571273,,,,,Cerro Largo,,,"""Cerro Largo""","[""Burgos"",""Cittadella"",""Andorra CF"",""Sport Recife"",""Malaga"",""Cruzeiro MG"",""Basaksehir"",""Incheon"",""Wanderers (Uru)"",""Varzim"",""Elche"",""Fortaleza EC"",""Reggina"",""Fluminense"",""Valladolid"",""Empoli"",""Frosinone"",""Penarol"",""Besiktas"",""Cerro Largo"""
Australian A-League Men,Auckland FC,47625959,,,,,Espanyol,,,"""Espanyol""","[""Burgos"",""Cittadella"",""Andorra CF"",""Sport Recife"",""Malaga"",""Cruzeiro MG"",""Basaksehir"",""Incheon"",""Wanderers (Uru)"",""Varzim"",""Elche"",""Fortaleza EC"",""Reggina"",""Fluminense"",""Valladolid"",""Empoli"",""Frosinone"",""Penarol"",""Besiktas"",""Cerro Largo"",""Espanyol"""
Australian A-League Men,Central Coast Mariners,1205126,,,,,Mallorca,,,"""Mallorca""","[""Burgos"",""Cittadella"",""Andorra CF"",""Sport Recife"",""Malaga"",""Cruzeiro MG"",""Basaksehir"",""Incheon"",""Wanderers (Uru)"",""Varzim"",""Elche"",""Fortaleza EC"",""Reggina"",""Fluminense"",""Valladolid"",""Empoli"",""Frosinone"",""Penarol"",""Besiktas"",""Cerro Largo"",""Espanyol"",""Mallorca"""
Australian A-League Men,Macarthur FC,36700739,,,,,Gwangju,,,"""Gwangju""","[""Burgos"",""Cittadella"",""Andorra CF"",""Sport Recife"",""Malaga"",""Cruzeiro MG"",""Basaksehir"",""Incheon"",""Wanderers (Uru)"",""Varzim"",""Elche"",""Fortaleza EC"",""Reggina"",""Fluminense"",""Valladolid"",""Empoli"",""Frosinone"",""Penarol"",""Besiktas"",""Cerro Largo"",""Espanyol"",""Mallorca"",""Gwangju"""
Australian A-League Men,Melbourne Victory,1205124,,,,,Perugia,,,"""Perugia""","[""Burgos"",""Cittadella"",""Andorra CF"",""Sport Recife"",""Malaga"",""Cruzeiro MG"",""Basaksehir"",""Incheon"",""Wanderers (Uru)"",""Varzim"",""Elche"",""Fortaleza EC"",""Reggina"",""Fluminense"",""Valladolid"",""Empoli"",""Frosinone"",""Penarol"",""Besiktas"",""Cerro Largo"",""Espanyol"",""Mallorca"",""Gwangju"",""Perugia"""
Australian A-League Men,Newcastle Jets,1205125,,,,,Reggiana,,,"""Reggiana""","[""Burgos"",""Cittadella"",""Andorra CF"",""Sport Recife"",""Malaga"",""Cruzeiro MG"",""Basaksehir"",""Incheon"",""Wanderers (Uru)"",""Varzim"",""Elche"",""Fortaleza EC"",""Reggina"",""Fluminense"",""Valladolid"",""Empoli"",""Frosinone"",""Penarol"",""Besiktas"",""Cerro Largo"",""Espanyol"",""Mallorca"",""Gwangju"",""Perugia"",""Reggiana"""
Australian A-League Men,Perth Glory,370132,,,,,Girona,,,"""Girona""","[""Burgos"",""Cittadella"",""Andorra CF"",""Sport Recife"",""Malaga"",""Cruzeiro MG"",""Basaksehir"",""Incheon"",""Wanderers (Uru)"",""Varzim"",""Elche"",""Fortaleza EC"",""Reggina"",""Fluminense"",""Valladolid"",""Empoli"",""Frosinone"",""Penarol"",""Besiktas"",""Cerro Largo"",""Espanyol"",""Mallorca"",""Gwangju"",""Perugia"",""Reggiana"",""Girona"""
Australian A-League Men,Sydney FC,1205121,,,,,Inter,,,"""Inter""","[""Burgos"",""Cittadella"",""Andorra CF"",""Sport Recife"",""Malaga"",""Cruzeiro MG"",""Basaksehir"",""Incheon"",""Wanderers (Uru)"",""Varzim"",""Elche"",""Fortaleza EC"",""Reggina"",""Fluminense"",""Valladolid"",""Empoli"",""Frosinone"",""Penarol"",""Besiktas"",""Cerro Largo"",""Espanyol"",""Mallorca"",""Gwangju"",""Perugia"",""Reggiana"",""Girona"",""Inter"""
Australian A-League Men,Wellington Phoenix,2469649,,,,,Fiorentina,,,"""Fiorentina""","[""Burgos"",""Cittadella"",""Andorra CF"",""Sport Recife"",""Malaga"",""Cruzeiro MG"",""Basaksehir"",""Incheon"",""Wanderers (Uru)"",""Varzim"",""Elche"",""Fortaleza EC"",""Reggina"",""Fluminense"",""Valladolid"",""Empoli"",""Frosinone"",""Penarol"",""Besiktas"",""Cerro Largo"",""Espanyol"",""Mallorca"",""Gwangju"",""Perugia"",""Reggiana"",""Girona"",""Inter"",""Fiorentina"""
Australian A-League Men,Western Sydney Wanderers,6480414,,,,,Lecce,,,"""Lecce""","[""Burgos"",""Cittadella"",""Andorra CF"",""Sport Recife"",""Malaga"",""Cruzeiro MG"",""Basaksehir"",""Incheon"",""Wanderers (Uru)"",""Varzim"",""Elche"",""Fortaleza EC"",""Reggina"",""Fluminense"",""Valladolid"",""Empoli"",""Frosinone"",""Penarol"",""Besiktas"",""Cerro Largo"",""Espanyol"",""Mallorca"",""Gwangju"",""Perugia"",""Reggiana"",""Girona"",""Inter"",""Fiorentina"",""Lecce"""
Austrian Bundesliga,Austria Wien,181248,,,,,Cuiaba,,,"""Cuiaba""","[""Burgos"",""Cittadella"",""Andorra CF"",""Sport Recife"",""Malaga"",""Cruzeiro MG"",""Basaksehir"",""Incheon"",""Wanderers (Uru)"",""Varzim"",""Elche"",""Fortaleza EC"",""Reggina"",""Fluminense"",""Valladolid"",""Empoli"",""Frosinone"",""Penarol"",""Besiktas"",""Cerro Largo"",""Espanyol"",""Mallorca"",""Gwangju"",""Perugia"",""Reggiana"",""Girona"",""Inter"",""Fiorentina"",""Lecce"",""Cuiaba"""
Austrian Bundesliga,FC Blau Weiss Linz,9481404,,,,,Granada,,,"""Granada""","[""Burgos"",""Cittadella"",""Andorra CF"",""Sport Recife"",""Malaga"",""Cruzeiro MG"",""Basaksehir"",""Incheon"",""Wanderers (Uru)"",""Varzim"",""Elche"",""Fortaleza EC"",""Reggina"",""Fluminense"",""Valladolid"",""Empoli"",""Frosinone"",""Penarol"",""Besiktas"",""Cerro Largo"",""Espanyol"",""Mallorca"",""Gwangju"",""Perugia"",""Reggiana"",""Girona"",""Inter"",""Fiorentina"",""Lecce"",""Cuiaba"",""Granada"""
Austrian Bundesliga,Grazer AK,14074,,,,,Tenerife,,,"""Tenerife""","[""Burgos"",""Cittadella"",""Andorra CF"",""Sport Recife"",""Malaga"",""Cruzeiro MG"",""Basaksehir"",""Incheon"",""Wanderers (Uru)"",""Varzim"",""Elche"",""Fortaleza EC"",""Reggina"",""Fluminense"",""Valladolid"",""Empoli"",""Frosinone"",""Penarol"",""Besiktas"",""Cerro Largo"",""Espanyol"",""Mallorca"",""Gwangju"",""Perugia"",""Reggiana"",""Girona"",""Inter"",""Fiorentina"",""Lecce"",""Cuiaba"",""Granada"",""Tenerife"""
Austrian Bundesliga,Hartberg,345648,,,,,Alcorcon,,,"""Alcorcon""","[""Burgos"",""Cittadella"",""Andorra CF"",""Sport Recife"",""Malaga"",""Cruzeiro MG"",""Basaksehir"",""Incheon"",""Wanderers (Uru)"",""Varzim"",""Elche"",""Fortaleza EC"",""Reggina"",""Fluminense"",""Valladolid"",""Empoli"",""Frosinone"",""Penarol"",""Besiktas"",""Cerro Largo"",""Espanyol"",""Mallorca"",""Gwangju"",""Perugia"",""Reggiana"",""Girona"",""Inter"",""Fiorentina"",""Lecce"",""Cuiaba"",""Granada"",""Tenerife"",""Alcorcon"""
Austrian Bundesliga,LASK Linz,8587663,,,,,Spezia,,,"""Spezia""","[""Burgos"",""Cittadella"",""Andorra CF"",""Sport Recife"",""Malaga"",""Cruzeiro MG"",""Basaksehir"",""Incheon"",""Wanderers (Uru)"",""Varzim"",""Elche"",""Fortaleza EC"",""Reggina"",""Fluminense"",""Valladolid"",""Empoli"",""Frosinone"",""Penarol"",""Besiktas"",""Cerro Largo"",""Espanyol"",""Mallorca"",""Gwangju"",""Perugia"",""Reggiana"",""Girona"",""Inter"",""Fiorentina"",""Lecce"",""Cuiaba"",""Granada"",""Tenerife"",""Alcorcon"",""Spezia"""
Austrian Bundesliga,RZ Pellets WAC,6491604,,,,,Cerrito,,,"""Cerrito""","[""Burgos"",""Cittadella"",""Andorra CF"",""Sport Recife"",""Malaga"",""Cruzeiro MG"",""Basaksehir"",""Incheon"",""Wanderers (Uru)"",""Varzim"",""Elche"",""Fortaleza EC"",""Reggina"",""Fluminense"",""Valladolid"",""Empoli"",""Frosinone"",""Penarol"",""Besiktas"",""Cerro Largo"",""Espanyol"",""Mallorca"",""Gwangju"",""Perugia"",""Reggiana"",""Girona"",""Inter"",""Fiorentina"",""Lecce"",""Cuiaba"",""Granada"",""Tenerife"",""Alcorcon"",""Spezia"",""Cerrito"""
Austrian Bundesliga,Rapid Vienna,65350,,,,,UD Logrones,,,"""UD Logrones""","[""Burgos"",""Cittadella"",""Andorra CF"",""Sport Recife"",""Malaga"",""Cruzeiro MG"",""Basaksehir"",""Incheon"",""Wanderers (Uru)"",""Varzim"",""Elche"",""Fortaleza EC"",""Reggina"",""Fluminense"",""Valladolid"",""Empoli"",""Frosinone"",""Penarol"",""Besiktas"",""Cerro Largo"",""Espanyol"",""Mallorca"",""Gwangju"",""Perugia"",""Reggiana"",""Girona"",""Inter"",""Fiorentina"",""Lecce"",""Cuiaba"",""Granada"",""Tenerife"",""Alcorcon"",""Spezia"",""Cerrito"",""UD Logrones"""
Austrian Bundesliga,Red Bull Salzburg,52495026,,,,,Pescara,,,"""Pescara""","[""Burgos"",""Cittadella"",""Andorra CF"",""Sport Recife"",""Malaga"",""Cruzeiro MG"",""Basaksehir"",""Incheon"",""Wanderers (Uru)"",""Varzim"",""Elche"",""Fortaleza EC"",""Reggina"",""Fluminense"",""Valladolid"",""Empoli"",""Frosinone"",""Penarol"",""Besiktas"",""Cerro Largo"",""Espanyol"",""Mallorca"",""Gwangju"",""Perugia"",""Reggiana"",""Girona"",""Inter"",""Fiorentina"",""Lecce"",""Cuiaba"",""Granada"",""Tenerife"",""Alcorcon"",""Spezia"",""Cerrito"",""UD Logrones"",""Pescara"""
Austrian Bundesliga,SCR Altach,872710,,,,,Pordenone,,,"""Pordenone""","[""Burgos"",""Cittadella"",""Andorra CF"",""Sport Recife"",""Malaga"",""Cruzeiro MG"",""Basaksehir"",""Incheon"",""Wanderers (Uru)"",""Varzim"",""Elche"",""Fortaleza EC"",""Reggina"",""Fluminense"",""Valladolid"",""Empoli"",""Frosinone"",""Penarol"",""Besiktas"",""Cerro Largo"",""Espanyol"",""Mallorca"",""Gwangju"",""Perugia"",""Reggiana"",""Girona"",""Inter"",""Fiorentina"",""Lecce"",""Cuiaba"",""Granada"",""Tenerife"",""Alcorcon"",""Spezia"",""Cerrito"",""UD Logrones"",""Pescara"",""Pordenone"""
Austrian Bundesliga,SV Ried,872714,,,,,Hatayspor,,,"""Hatayspor""","[""Burgos"",""Cittadella"",""Andorra CF"",""Sport Recife"",""Malaga"",""Cruzeiro MG"",""Basaksehir"",""Incheon"",""Wanderers (Uru)"",""Varzim"",""Elche"",""Fortaleza EC"",""Reggina"",""Fluminense"",""Valladolid"",""Empoli"",""Frosinone"",""Penarol"",""Besiktas"",""Cerro Largo"",""Espanyol"",""Mallorca"",""Gwangju"",""Perugia"",""Reggiana"",""Girona"",""Inter"",""Fiorentina"",""Lecce"",""Cuiaba"",""Granada"",""Tenerife"",""Alcorcon"",""Spezia"",""Cerrito"",""UD Logrones"",""Pescara"",""Pordenone"",""Hatayspor"""
Austrian Bundesliga,Sturm Graz,71085,,,,,Galatasaray,,,"""Galatasaray""","[""Burgos"",""Cittadella"",""Andorra CF"",""Sport Recife"",""Malaga"",""Cruzeiro MG"",""Basaksehir"",""Incheon"",""Wanderers (Uru)"",""Varzim"",""Elche"",""Fortaleza EC"",""Reggina"",""Fluminense"",""Valladolid"",""Empoli"",""Frosinone"",""Penarol"",""Besiktas"",""Cerro Largo"",""Espanyol"",""Mallorca"",""Gwangju"",""Perugia"",""Reggiana"",""Girona"",""Inter"",""Fiorentina"",""Lecce"",""Cuiaba"",""Granada"",""Tenerife"",""Alcorcon"",""Spezia"",""Cerrito"",""UD Logrones"",""Pescara"",""Pordenone"",""Hatayspor"",""Galatasaray"""
Austrian Bundesliga,WSG Wattens,3258153,,,,,Santa Clara,,,"""Santa Clara""","[""Burgos"",""Cittadella"",""Andorra CF"",""Sport Recife"",""Malaga"",""Cruzeiro MG"",""Basaksehir"",""Incheon"",""Wanderers (Uru)"",""Varzim"",""Elche"",""Fortaleza EC"",""Reggina"",""Fluminense"",""Valladolid"",""Empoli"",""Frosinone"",""Penarol"",""Besiktas"",""Cerro Largo"",""Espanyol"",""Mallorca"",""Gwangju"",""Perugia"",""Reggiana"",""Girona"",""Inter"",""Fiorentina"",""Lecce"",""Cuiaba"",""Granada"",""Tenerife"",""Alcorcon"",""Spezia"",""Cerrito"",""UD Logrones"",""Pescara"",""Pordenone"",""Hatayspor"",""Galatasaray"",""Santa Clara"""
Austrian Erste Liga,Rapid Vienna (Am),4902225,,,,,Juventus,,,"""Juventus""","[""Burgos"",""Cittadella"",""Andorra CF"",""Sport Recife"",""Malaga"",""Cruzeiro MG"",""Basaksehir"",""Incheon"",""Wanderers (Uru)"",""Varzim"",""Elche"",""Fortaleza EC"",""Reggina"",""Fluminense"",""Valladolid"",""Empoli"",""Frosinone"",""Penarol"",""Besiktas"",""Cerro Largo"",""Espanyol"",""Mallorca"",""Gwangju"",""Perugia"",""Reggiana"",""Girona"",""Inter"",""Fiorentina"",""Lecce"",""Cuiaba"",""Granada"",""Tenerife"",""Alcorcon"",""Spezia"",""Cerrito"",""UD Logrones"",""Pescara"",""Pordenone"",""Hatayspor"",""Galatasaray"",""Santa Clara"",""Juventus"""
Austrian Erste Liga,SV Austria Salzburg,4902221,,,,,Mafra,,,"""Mafra""","[""Burgos"",""Cittadella"",""Andorra CF"",""Sport Recife"",""Malaga"",""Cruzeiro MG"",""Basaksehir"",""Incheon"",""Wanderers (Uru)"",""Varzim"",""Elche"",""Fortaleza EC"",""Reggina"",""Fluminense"",""Valladolid"",""Empoli"",""Frosinone"",""Penarol"",""Besiktas"",""Cerro Largo"",""Espanyol"",""Mallorca"",""Gwangju"",""Perugia"",""Reggiana"",""Girona"",""Inter"",""Fiorentina"",""Lecce"",""Cuiaba"",""Granada"",""Tenerife"",""Alcorcon"",""Spezia"",""Cerrito"",""UD Logrones"",""Pescara"",""Pordenone"",""Hatayspor"",""Galatasaray"",""Santa Clara"",""Juventus"",""Mafra"""
Belgian Pro League,Antwerp,3247346,,,,,Rennes,,,"""Rennes""","[""Burgos"",""Cittadella"",""Andorra CF"",""Sport Recife"",""Malaga"",""Cruzeiro MG"",""Basaksehir"",""Incheon"",""Wanderers (Uru)"",""Varzim"",""Elche"",""Fortaleza EC"",""Reggina"",""Fluminense"",""Valladolid"",""Empoli"",""Frosinone"",""Penarol"",""Besiktas"",""Cerro Largo"",""Espanyol"",""Mallorca"",""Gwangju"",""Perugia"",""Reggiana"",""Girona"",""Inter"",""Fiorentina"",""Lecce"",""Cuiaba"",""Granada"",""Tenerife"",""Alcorcon"",""Spezia"",""Cerrito"",""UD Logrones"",""Pescara"",""Pordenone"",""Hatayspor"",""Galatasaray"",""Santa Clara"",""Juventus"",""Mafra"",""Rennes"""
Belgian Pro League,Cercle Brugge,259394,,,,,Malatyaspor,,,"""Malatyaspor""","[""Burgos"",""Cittadella"",""Andorra CF"",""Sport Recife"",""Malaga"",""Cruzeiro MG"",""Basaksehir"",""Incheon"",""Wanderers (Uru)"",""Varzim"",""Elche"",""Fortaleza EC"",""Reggina"",""Fluminense"",""Valladolid"",""Empoli"",""Frosinone"",""Penarol"",""Besiktas"",""Cerro Largo"",""Espanyol"",""Mallorca"",""Gwangju"",""Perugia"",""Reggiana"",""Girona"",""Inter"",""Fiorentina"",""Lecce"",""Cuiaba"",""Granada"",""Tenerife"",""Alcorcon"",""Spezia"",""Cerrito"",""UD Logrones"",""Pescara"",""Pordenone"",""Hatayspor"",""Galatasaray"",""Santa Clara"",""Juventus"",""Mafra"",""Rennes"",""Malatyaspor"""
Belgian Pro League,Charleroi,65808,,,,,Arouca,,,"""Arouca""","[""Burgos"",""Cittadella"",""Andorra CF"",""Sport Recife"",""Malaga"",""Cruzeiro MG"",""Basaksehir"",""Incheon"",""Wanderers (Uru)"",""Varzim"",""Elche"",""Fortaleza EC"",""Reggina"",""Fluminense"",""Valladolid"",""Empoli"",""Frosinone"",""Penarol"",""Besiktas"",""Cerro Largo"",""Espanyol"",""Mallorca"",""Gwangju"",""Perugia"",""Reggiana"",""Girona"",""Inter"",""Fiorentina"",""Lecce"",""Cuiaba"",""Granada"",""Tenerife"",""Alcorcon"",""Spezia"",""Cerrito"",""UD Logrones"",""Pescara"",""Pordenone"",""Hatayspor"",""Galatasaray"",""Santa Clara"",""Juventus"",""Mafra"",""Rennes"",""Malatyaspor"",""Arouca"""
Belgian Pro League,Club Brugge,10762,,,,,Clermont,,,"""Clermont""","[""Burgos"",""Cittadella"",""Andorra CF"",""Sport Recife"",""Malaga"",""Cruzeiro MG"",""Basaksehir"",""Incheon"",""Wanderers (Uru)"",""Varzim"",""Elche"",""Fortaleza EC"",""Reggina"",""Fluminense"",""Valladolid"",""Empoli"",""Frosinone"",""Penarol"",""Besiktas"",""Cerro Largo"",""Espanyol"",""Mallorca"",""Gwangju"",""Perugia"",""Reggiana"",""Girona"",""Inter"",""Fiorentina"",""Lecce"",""Cuiaba"",""Granada"",""Tenerife"",""Alcorcon"",""Spezia"",""Cerrito"",""UD Logrones"",""Pescara"",""Pordenone"",""Hatayspor"",""Galatasaray"",""Santa Clara"",""Juventus"",""Mafra"",""Rennes"",""Malatyaspor"",""Arouca"",""Clermont"""
Belgian Pro League,FCV Dender,1308816,,,,,Casa Pia,,,"""Casa Pia""","[""Burgos"",""Cittadella"",""Andorra CF"",""Sport Recife"",""Malaga"",""Cruzeiro MG"",""Basaksehir"",""Incheon"",""Wanderers (Uru)"",""Varzim"",""Elche"",""Fortaleza EC"",""Reggina"",""Fluminense"",""Valladolid"",""Empoli"",""Frosinone"",""Penarol"",""Besiktas"",""Cerro Largo"",""Espanyol"",""Mallorca"",""Gwangju"",""Perugia"",""Reggiana"",""Girona"",""Inter"",""Fiorentina"",""Lecce"",""Cuiaba"",""Granada"",""Tenerife"",""Alcorcon"",""Spezia"",""Cerrito"",""UD Logrones"",""Pescara"",""Pordenone"",""Hatayspor"",""Galatasaray"",""Santa Clara"",""Juventus"",""Mafra"",""Rennes"",""Malatyaspor"",""Arouca"",""Clermont"",""Casa Pia"""
Belgian Pro League,Genk,14072,,,,,Leganes,,,"""Leganes""","[""Burgos"",""Cittadella"",""Andorra CF"",""Sport Recife"",""Malaga"",""Cruzeiro MG"",""Basaksehir"",""Incheon"",""Wanderers (Uru)"",""Varzim"",""Elche"",""Fortaleza EC"",""Reggina"",""Fluminense"",""Valladolid"",""Empoli"",""Frosinone"",""Penarol"",""Besiktas"",""Cerro Largo"",""Espanyol"",""Mallorca"",""Gwangju"",""Perugia"",""Reggiana"",""Girona"",""Inter"",""Fiorentina"",""Lecce"",""Cuiaba"",""Granada"",""Tenerife"",""Alcorcon"",""Spezia"",""Cerrito"",""UD Logrones"",""Pescara"",""Pordenone"",""Hatayspor"",""Galatasaray"",""Santa Clara"",""Juventus"",""Mafra"",""Rennes"",""Malatyaspor"",""Arouca"",""Clermont"",""Casa Pia"",""Leganes"""
Belgian Pro League,Gent,350594,,,,,Os Belenenses,,,"""Os Belenenses""","[""Burgos"",""Cittadella"",""Andorra CF"",""Sport Recife"",""Malaga"",""Cruzeiro MG"",""Basaksehir"",""Incheon"",""Wanderers (Uru)"",""Varzim"",""Elche"",""Fortaleza EC"",""Reggina"",""Fluminense"",""Valladolid"",""Empoli"",""Frosinone"",""Penarol"",""Besiktas"",""Cerro Largo"",""Espanyol"",""Mallorca"",""Gwangju"",""Perugia"",""Reggiana"",""Girona"",""Inter"",""Fiorentina"",""Lecce"",""Cuiaba"",""Granada"",""Tenerife"",""Alcorcon"",""Spezia"",""Cerrito"",""UD Logrones"",""Pescara"",""Pordenone"",""Hatayspor"",""Galatasaray"",""Santa Clara"",""Juventus"",""Mafra"",""Rennes"",""Malatyaspor"",""Arouca"",""Clermont"",""Casa Pia"",""Leganes"",""Os Belenenses"""
Belgian Pro League,Oud-Heverlee Leuven,1311877,,,,,Fatih Karagumruk,,,"""Fatih Karagumruk""","[""Burgos"",""Cittadella"",""Andorra CF"",""Sport Recife"",""Malaga"",""Cruzeiro MG"",""Basaksehir"",""Incheon"",""Wanderers (Uru)"",""Varzim"",""Elche"",""Fortaleza EC"",""Reggina"",""Fluminense"",""Valladolid"",""Empoli"",""Frosinone"",""Penarol"",""Besiktas"",""Cerro Largo"",""Espanyol"",""Mallorca"",""Gwangju"",""Perugia"",""Reggiana"",""Girona"",""Inter"",""Fiorentina"",""Lecce"",""Cuiaba"",""Granada"",""Tenerife"",""Alcorcon"",""Spezia"",""Cerrito"",""UD Logrones"",""Pescara"",""Pordenone"",""Hatayspor"",""Galatasaray"",""Santa Clara"",""Juventus"",""Mafra"",""Rennes"",""Malatyaspor"",""Arouca"",""Clermont"",""Casa Pia"",""Leganes"",""Os Belenenses"",""Fatih Karagumruk"""
Belgian Pro League,RAAL La Louviere,36030194,,,,,Penafiel,,,"""Penafiel""","[""Burgos"",""Cittadella"",""Andorra CF"",""Sport Recife"",""Malaga"",""Cruzeiro MG"",""Basaksehir"",""Incheon"",""Wanderers (Uru)"",""Varzim"",""Elche"",""Fortaleza EC"",""Reggina"",""Fluminense"",""Valladolid"",""Empoli"",""Frosinone"",""Penarol"",""Besiktas"",""Cerro Largo"",""Espanyol"",""Mallorca"",""Gwangju"",""Perugia"",""Reggiana"",""Girona"",""Inter"",""Fiorentina"",""Lecce"",""Cuiaba"",""Granada"",""Tenerife"",""Alcorcon"",""Spezia"",""Cerrito"",""UD Logrones"",""Pescara"",""Pordenone"",""Hatayspor"",""Galatasaray"",""Santa Clara"",""Juventus"",""Mafra"",""Rennes"",""Malatyaspor"",""Arouca"",""Clermont"",""Casa Pia"",""Leganes"",""Os Belenenses"",""Fatih Karagumruk"",""Penafiel"""
Belgian Pro League,Union St Gilloise,892024,,,,,Ajaccio,,,"""Ajaccio""","[""Burgos"",""Cittadella"",""Andorra CF"",""Sport Recife"",""Malaga"",""Cruzeiro MG"",""Basaksehir"",""Incheon"",""Wanderers (Uru)"",""Varzim"",""Elche"",""Fortaleza EC"",""Reggina"",""Fluminense"",""Valladolid"",""Empoli"",""Frosinone"",""Penarol"",""Besiktas"",""Cerro Largo"",""Espanyol"",""Mallorca"",""Gwangju"",""Perugia"",""Reggiana"",""Girona"",""Inter"",""Fiorentina"",""Lecce"",""Cuiaba"",""Granada"",""Tenerife"",""Alcorcon"",""Spezia"",""Cerrito"",""UD Logrones"",""Pescara"",""Pordenone"",""Hatayspor"",""Galatasaray"",""Santa Clara"",""Juventus"",""Mafra"",""Rennes"",""Malatyaspor"",""Arouca"",""Clermont"",""Casa Pia"",""Leganes"",""Os Belenenses"",""Fatih Karagumruk"",""Penafiel"",""Ajaccio"""
Belgian Pro League,Westerlo,51406,,,,,Qingdao Jonoon,,,"""Qingdao Jonoon""","[""Burgos"",""Cittadella"",""Andorra CF"",""Sport Recife"",""Malaga"",""Cruzeiro MG"",""Basaksehir"",""Incheon"",""Wanderers (Uru)"",""Varzim"",""Elche"",""Fortaleza EC"",""Reggina"",""Fluminense"",""Valladolid"",""Empoli"",""Frosinone"",""Penarol"",""Besiktas"",""Cerro Largo"",""Espanyol"",""Mallorca"",""Gwangju"",""Perugia"",""Reggiana"",""Girona"",""Inter"",""Fiorentina"",""Lecce"",""Cuiaba"",""Granada"",""Tenerife"",""Alcorcon"",""Spezia"",""Cerrito"",""UD Logrones"",""Pescara"",""Pordenone"",""Hatayspor"",""Galatasaray"",""Santa Clara"",""Juventus"",""Mafra"",""Rennes"",""Malatyaspor"",""Arouca"",""Clermont"",""Casa Pia"",""Leganes"",""Os Belenenses"",""Fatih Karagumruk"",""Penafiel"",""Ajaccio"",""Qingdao Jonoon"""
Belgian Pro League,Yellow-Red Mechelen,13052998,,,,,Centro Atletico Fenix,,,"""Centro Atletico Fenix""","[""Burgos"",""Cittadella"",""Andorra CF"",""Sport Recife"",""Malaga"",""Cruzeiro MG"",""Basaksehir"",""Incheon"",""Wanderers (Uru)"",""Varzim"",""Elche"",""Fortaleza EC"",""Reggina"",""Fluminense"",""Valladolid"",""Empoli"",""Frosinone"",""Penarol"",""Besiktas"",""Cerro Largo"",""Espanyol"",""Mallorca"",""Gwangju"",""Perugia"",""Reggiana"",""Girona"",""Inter"",""Fiorentina"",""Lecce"",""Cuiaba"",""Granada"",""Tenerife"",""Alcorcon"",""Spezia"",""Cerrito"",""UD Logrones"",""Pescara"",""Pordenone"",""Hatayspor"",""Galatasaray"",""Santa Clara"",""Juventus"",""Mafra"",""Rennes"",""Malatyaspor"",""Arouca"",""Clermont"",""Casa Pia"",""Leganes"",""Os Belenenses"",""Fatih Karagumruk"",""Penafiel"",""Ajaccio"",""Qingdao Jonoon"",""Centro Atletico Fenix"""
Brazilian Capixaba Matches,Forte FC,94336263,,,,,Carrarese,,,"""Carrarese""","[""Burgos"",""Cittadella"",""Andorra CF"",""Sport Recife"",""Malaga"",""Cruzeiro MG"",""Basaksehir"",""Incheon"",""Wanderers (Uru)"",""Varzim"",""Elche"",""Fortaleza EC"",""Reggina"",""Fluminense"",""Valladolid"",""Empoli"",""Frosinone"",""Penarol"",""Besiktas"",""Cerro Largo"",""Espanyol"",""Mallorca"",""Gwangju"",""Perugia"",""Reggiana"",""Girona"",""Inter"",""Fiorentina"",""Lecce"",""Cuiaba"",""Granada"",""Tenerife"",""Alcorcon"",""Spezia"",""Cerrito"",""UD Logrones"",""Pescara"",""Pordenone"",""Hatayspor"",""Galatasaray"",""Santa Clara"",""Juventus"",""Mafra"",""Rennes"",""Malatyaspor"",""Arouca"",""Clermont"",""Casa Pia"",""Leganes"",""Os Belenenses"",""Fatih Karagumruk"",""Penafiel"",""Ajaccio"",""Qingdao Jonoon"",""Centro Atletico Fenix"",""Carrarese"""
Brazilian Capixaba Matches,Vitoria ES,5310330,,,,,Guangzhou City,,,"""Guangzhou City""","[""Burgos"",""Cittadella"",""Andorra CF"",""Sport Recife"",""Malaga"",""Cruzeiro MG"",""Basaksehir"",""Incheon"",""Wanderers (Uru)"",""Varzim"",""Elche"",""Fortaleza EC"",""Reggina"",""Fluminense"",""Valladolid"",""Empoli"",""Frosinone"",""Penarol"",""Besiktas"",""Cerro Largo"",""Espanyol"",""Mallorca"",""Gwangju"",""Perugia"",""Reggiana"",""Girona"",""Inter"",""Fiorentina"",""Lecce"",""Cuiaba"",""Granada"",""Tenerife"",""Alcorcon"",""Spezia"",""Cerrito"",""UD Logrones"",""Pescara"",""Pordenone"",""Hatayspor"",""Galatasaray"",""Santa Clara"",""Juventus"",""Mafra"",""Rennes"",""Malatyaspor"",""Arouca"",""Clermont"",""Casa Pia"",""Leganes"",""Os Belenenses"",""Fatih Karagumruk"",""Penafiel"",""Ajaccio"",""Qingdao Jonoon"",""Centro Atletico Fenix"",""Carrarese"",""Guangzhou City"""
Brazilian Carioca Matches,Fluminense,198133,1,,,,Seongnam,,,"""Seongnam""","[""Burgos"",""Cittadella"",""Andorra CF"",""Sport Recife"",""Malaga"",""Cruzeiro MG"",""Basaksehir"",""Incheon"",""Wanderers (Uru)"",""Varzim"",""Elche"",""Fortaleza EC"",""Reggina"",""Fluminense"",""Valladolid"",""Empoli"",""Frosinone"",""Penarol"",""Besiktas"",""Cerro Largo"",""Espanyol"",""Mallorca"",""Gwangju"",""Perugia"",""Reggiana"",""Girona"",""Inter"",""Fiorentina"",""Lecce"",""Cuiaba"",""Granada"",""Tenerife"",""Alcorcon"",""Spezia"",""Cerrito"",""UD Logrones"",""Pescara"",""Pordenone"",""Hatayspor"",""Galatasaray"",""Santa Clara"",""Juventus"",""Mafra"",""Rennes"",""Malatyaspor"",""Arouca"",""Clermont"",""Casa Pia"",""Leganes"",""Os Belenenses"",""Fatih Karagumruk"",""Penafiel"",""Ajaccio"",""Qingdao Jonoon"",""Centro Atletico Fenix"",""Carrarese"",""Guangzhou City"",""Seongnam"""
Brazilian Carioca Matches,Vasco Da Gama,198124,,,,,Nice,,,"""Nice""","[""Burgos"",""Cittadella"",""Andorra CF"",""Sport Recife"",""Malaga"",""Cruzeiro MG"",""Basaksehir"",""Incheon"",""Wanderers (Uru)"",""Varzim"",""Elche"",""Fortaleza EC"",""Reggina"",""Fluminense"",""Valladolid"",""Empoli"",""Frosinone"",""Penarol"",""Besiktas"",""Cerro Largo"",""Espanyol"",""Mallorca"",""Gwangju"",""Perugia"",""Reggiana"",""Girona"",""Inter"",""Fiorentina"",""Lecce"",""Cuiaba"",""Granada"",""Tenerife"",""Alcorcon"",""Spezia"",""Cerrito"",""UD Logrones"",""Pescara"",""Pordenone"",""Hatayspor"",""Galatasaray"",""Santa Clara"",""Juventus"",""Mafra"",""Rennes"",""Malatyaspor"",""Arouca"",""Clermont"",""Casa Pia"",""Leganes"",""Os Belenenses"",""Fatih Karagumruk"",""Penafiel"",""Ajaccio"",""Qingdao Jonoon"",""Centro Atletico Fenix"",""Carrarese"",""Guangzhou City"",""Seongnam"",""Nice"""
Brazilian Cearense Matches,Ceara SC Fortaleza,5287019,,,,,CD Castellon,,,"""CD Castellon""","[""Burgos"",""Cittadella"",""Andorra CF"",""Sport Recife"",""Malaga"",""Cruzeiro MG"",""Basaksehir"",""Incheon"",""Wanderers (Uru)"",""Varzim"",""Elche"",""Fortaleza EC"",""Reggina"",""Fluminense"",""Valladolid"",""Empoli"",""Frosinone"",""Penarol"",""Besiktas"",""Cerro Largo"",""Espanyol"",""Mallorca"",""Gwangju"",""Perugia"",""Reggiana"",""Girona"",""Inter"",""Fiorentina"",""Lecce"",""Cuiaba"",""Granada"",""Tenerife"",""Alcorcon"",""Spezia"",""Cerrito"",""UD Logrones"",""Pescara"",""Pordenone"",""Hatayspor"",""Galatasaray"",""Santa Clara"",""Juventus"",""Mafra"",""Rennes"",""Malatyaspor"",""Arouca"",""Clermont"",""Casa Pia"",""Leganes"",""Os Belenenses"",""Fatih Karagumruk"",""Penafiel"",""Ajaccio"",""Qingdao Jonoon"",""Centro Atletico Fenix"",""Carrarese"",""Guangzhou City"",""Seongnam"",""Nice"",""CD Castellon"""
Brazilian Cearense Matches,Fortaleza EC,5287007,1,,,,,,,,
Brazilian Gaucho Matches,Gremio,198134,,,,,,,,,
Brazilian Gaucho Matches,Internacional,198137,,,,,,,,,
Brazilian Goiano Matches,Atletico Go,5326988,,,,,,,,,
Brazilian Goiano Matches,Vila Nova,376829,,,,,"[""Burgos"",""Cittadella"",""Andorra CF"",""Sport Recife"",""Malaga"",""Cruzeiro MG"",""Basaksehir"",""Incheon"",""Wanderers (Uru)"",""Varzim"",""Elche"",""Fortaleza EC"",""Reggina"",""Fluminense"",""Valladolid"",""Empoli"",""Frosinone"",""Penarol"",""Besiktas"",""Cerro Largo"",""Espanyol"",""Mallorca"",""Gwangju"",""Perugia"",""Reggiana"",""Girona"",""Inter"",""Fiorentina"",""Lecce"",""Cuiaba"",""Granada"",""Tenerife"",""Alcorcon"",""Spezia"",""Cerrito"",""UD Logrones"",""Pescara"",""Pordenone"",""Hatayspor"",""Galatasaray"",""Santa Clara"",""Juventus"",""Mafra"",""Rennes"",""Malatyaspor"",""Arouca"",""Clermont"",""Casa Pia"",""Leganes"",""Os Belenenses"",""Fatih Karagumruk"",""Penafiel"",""Ajaccio"",""Qingdao Jonoon"",""Centro Atletico Fenix"",""Carrarese"",""Guangzhou City"",""Seongnam"",""Nice"",""CD Castellon""]",,,,
Brazilian Mineiro Matches,America MG,4516149,,,,,,,,,
Brazilian Mineiro Matches,Atletico MG,361329,,,,,,,,,
Brazilian Paraibano Matches,Botafogo PB,5310328,,,,,,,,,
Brazilian Paraibano Matches,Serra Branca EC,48428880,,,,,,,,,
Brazilian Paulista Serie A1,SE Palmeiras,22498185,,,,,,,,,
Brazilian Paulista Serie A1,Sao Paulo,198126,,,,,,,,,
Brazilian Pernambucano Matches,Nautico PE,7210009,,,,,,,,,
Brazilian Pernambucano Matches,Sport Recife,2405306,1,,,,,,,,
Brazilian Serie B,Atletico Go,5326988,,,,,,,,,
Brazilian Serie B,Operario PR,6219238,,,,,,,,,
Bulgarian A League,Arda,20731976,,,,,,,,,
Bulgarian A League,Beroe Stara Za,4127866,,,,,,,,,
Bulgarian A League,Botev Plovdiv,1255220,,,,,,,,,
Bulgarian A League,Botev Vratsa,5618938,,,,,,,,,
Bulgarian A League,CSKA 1948 Sofia,20732043,,,,,,,,,
Bulgarian A League,CSKA Sofia,46982,,,,,,,,,
Bulgarian A League,Cherno More,427650,,,,,,,,,
Bulgarian A League,Dobrudzha,5112592,,,,,,,,,
Bulgarian A League,Lokomotiv Plovdiv,878125,,,,,,,,,
Bulgarian A League,Lokomotiv Sofia,1255223,,,,,,,,,
Bulgarian A League,Ludogorets,5112599,,,,,,,,,
Bulgarian A League,Montana,3475110,,,,,,,,,
Bulgarian A League,PFC Levski Sofia,21868583,,,,,,,,,
Bulgarian A League,Septemvri,11801202,,,,,,,,,
Bulgarian A League,Slavia Sofia,1255221,,,,,,,,,
Bulgarian A League,Spartak Varna,1557407,,,,,,,,,
CONCACAF U20 Cup Qualifiers,Belize U20,7103268,,,,,,,,,
CONCACAF U20 Cup Qualifiers,Cayman Islands U20,21342819,,,,,,,,,
CONCACAF U20 Cup Qualifiers,El Salvador U20,7074828,,,,,,,,,
CONCACAF U20 Cup Qualifiers,Puerto Rico U20,7066885,,,,,,,,,
CONMEBOL Copa Sudamericana,Alianza Atletico,898396,,,,,,,,,
CONMEBOL Copa Sudamericana,America de Cali S.A,26076470,,,,,,,,,
CONMEBOL Copa Sudamericana,Atletico Bucaramanga,7227021,,,,,,,,,
CONMEBOL Copa Sudamericana,Atletico Nacional Medellin,10632891,,,,,,,,,
CONMEBOL Copa Sudamericana,Audax Italiano,2295419,,,,,,,,,
CONMEBOL Copa Sudamericana,Blooming Santa Cruz,10259108,,,,,,,,,
CONMEBOL Copa Sudamericana,Boston River,9484111,,,,,,,,,
CONMEBOL Copa Sudamericana,Caracas,3738659,,,,,,,,,
CONMEBOL Copa Sudamericana,Cienciano,480160,,,,,,,,,
CONMEBOL Copa Sudamericana,Cobresal,5129865,,,,,,,,,
CONMEBOL Copa Sudamericana,Defensor Sporting,1222679,,,,,,,,,
CONMEBOL Copa Sudamericana,Deportivo Cuenca,1067928,,,,,,,,,
CONMEBOL Copa Sudamericana,Deportivo Garcilaso,12104874,,,,,,,,,
CONMEBOL Copa Sudamericana,Deportivo Recoleta,19840150,,,,,,,,,
CONMEBOL Copa Sudamericana,Libertad FC,44232344,,,,,,,,,
CONMEBOL Copa Sudamericana,Macara,6161547,,,,,,,,,
CONMEBOL Copa Sudamericana,Melgar,5839079,,,,,,,,,
CONMEBOL Copa Sudamericana,Metropolitanos,8761113,,,,,,,,,
CONMEBOL Copa Sudamericana,Millonarios,900849,,,,,,,,,
CONMEBOL Copa Sudamericana,Monagas,224547,,,,,,,,,
CONMEBOL Copa Sudamericana,Nacional (Par),1370433,,,,,,,,,
CONMEBOL Copa Sudamericana,Olimpia,328699,,,,,,,,,
CONMEBOL Copa Sudamericana,Orense Sporting Club,17583926,,,,,,,,,
CONMEBOL Copa Sudamericana,Palestino,5129869,,,,,,,,,
CONMEBOL Copa Sudamericana,Puerto Cabello,13442344,,,,,,,,,
CONMEBOL Copa Sudamericana,Racing Club (Uru),4465708,,,,,,,,,
CONMEBOL Copa Sudamericana,San Antonio Bulo Bulo,82392723,,,,,,,,,
CONMEBOL Copa Sudamericana,Sportivo Trinidense,9610998,,,,,,,,,
CONMEBOL Copa Sudamericana,Torque,9459683,,,,,,,,,
CONMEBOL Copa Sudamericana,Universidad de Chile,1069686,,,,,,,,,
Chilean Primera B,Deportes Iquique,5271441,,,,,,,,,
Chilean Primera B,Deportes Temuco,5649151,,,,,,,,,
Chilean Primera Division,Colo Colo,330239,,,,,,,,,
Chilean Primera Division,La Serena,5129868,,,,,,,,,
Chilean Primera Division,Nublense,3303740,,,,,,,,,
Chilean Primera Division,Union La Calera,5271439,,,,,,,,,
Chilean Primera Division,Univ Catolica (Chile),7029037,,,,,,,,,
Chilean Primera Division,Universidad de Chile,1069686,,,,,,,,,
Colombian Primera A,Aguilas Doradas,8717595,,,,,,,,,
Colombian Primera A,Atletico Nacional Medellin,10632891,,,,,,,,,
Colombian Primera A,Cucuta Deportivo,2301978,,,,,,,,,
Colombian Primera A,Deportivo Cali,328690,,,,,,,,,
Colombian Primera A,Deportivo Pasto,478919,,,,,,,,,
Colombian Primera A,Fortaleza FC,8220578,1,,,,,,,,
Colombian Primera A,Internacional de Bogotá,94680813,,,,,,,,,
Colombian Primera A,Jaguares de Cordoba,7055314,,,,,,,,,
Colombian Primera A,Tolima,2277370,,,,,,,,,
Colombian Primera B,Envigado,5180320,,,,,,,,,
Colombian Primera B,Orsomarso,10874175,,,,,,,,,
Colombian Primera B,Real Cartagena,5284704,,,,,,,,,
Colombian Primera B,Tigres FC Zipaquira,10823054,,,,,,,,,
Costa Rican Primera Division,AD Municipal Liberia,10945728,,,,,,,,,
Costa Rican Primera Division,AD San Carlos,16192067,,,,,,,,,
Costa Rican Primera Division,CS Cartagines,14175961,,,,,,,,,
Costa Rican Primera Division,Deportivo Saprissa,1328422,,,,,,,,,
Costa Rican Primera Division,Guadalupe F.C,16744223,,,,,,,,,
Costa Rican Primera Division,Sporting San Jose FC,11617052,,,,,,,,,
Croatian HNL,Dinamo Zagreb,52628041,,,,,,,,,
Croatian HNL,HNK Gorica,6692727,,,,,,,,,
Cypriot 1st Division,AEK Larnaca,908335,,,,,,,,,
Cypriot 1st Division,Apollon Limassol,46976,,,,,,,,,
Cypriot 1st Division,Aris FC Limassol,9028289,,,,,,,,,
Cypriot 1st Division,Olympiakos Nicosia FC,9028271,,,,,,,,,
Cypriot 1st Division,Omonia,1209587,,,,,,,,,
Cypriot 1st Division,Pafos FC,9124224,,,,,,,,,
Czech 1 Liga,Bohemians 1905,2467701,,,,,,,,,
Czech 1 Liga,Sigma Olomouc,50337,,,,,,,,,
Danish Superliga,AGF,28214,,,,,,,,,
Danish Superliga,Brondby,28223,,,,,,,,,
Danish Superliga,FC Copenhagen,52533356,,,,,,,,,
Danish Superliga,FC Nordsjaelland,466299,,,,,,,,,
Danish Superliga,Fredericia,151003,,,,,,,,,
Danish Superliga,Midtjylland,28220,,,,,,,,,
Danish Superliga,OB,113225,,,,,,,,,
Danish Superliga,Randers,342868,,,,,,,,,
Danish Superliga,Silkeborg,28216,,,,,,,,,
Danish Superliga,SonderjyskE,2364082,,,,,,,,,
Danish Superliga,Vejle,44103,,,,,,,,,
Danish Superliga,Viborg,10780,,,,,,,,,
Dutch Eerste Divisie,Almere City,4835124,,,,,,,,,
Dutch Eerste Divisie,Cambuur Leeuwarden,8942269,,,,,,,,,
Dutch Eerste Divisie,Emmen,419126,,,,,,,,,
Dutch Eerste Divisie,Jong FC Utrecht,11378686,,,,,,,,,
Dutch Eredivisie,Ajax,52494689,,,,,,,,,
Dutch Eredivisie,Az Alkmaar,9220660,,,,,,,,,
Dutch Eredivisie,Excelsior,67164,,,,,,,,,
Dutch Eredivisie,FC Groningen,24931403,,,,,,,,,
Dutch Eredivisie,FC Twente,7928242,,,,,,,,,
Dutch Eredivisie,FC Utrecht,50349,,,,,,,,,
Dutch Eredivisie,FC Volendam,14170968,,,,,,,,,
Dutch Eredivisie,Feyenoord,55264,,,,,,,,,
Dutch Eredivisie,Fortuna Sittard,49058,,,,,,,,,
Dutch Eredivisie,Go Ahead Eagles,419123,,,,,,,,,
Dutch Eredivisie,Heerenveen,3630179,,,,,,,,,
Dutch Eredivisie,Heracles,419132,,,,,,,,,
Dutch Eredivisie,NAC Breda,1328613,,,,,,,,,
Dutch Eredivisie,NEC Nijmegen,48456,,,,,,,,,
Dutch Eredivisie,PEC Zwolle,8750569,,,,,,,,,
Dutch Eredivisie,PSV,48451,,,,,,,,,
Dutch Eredivisie,SC Telstar,11534958,,,,,,,,,
Dutch Eredivisie,Sparta Rotterdam,111703,,,,,,,,,
EFL Trophy,Doncaster,49205,,,,,,,,,
EFL Trophy,Stockport,47997,,,,,,,,,
Ecuadorian Serie A,Barcelona (Ecu),13749040,,,,,,,,,
Ecuadorian Serie A,Deportivo Cuenca,1067928,,,,,,,,,
Ecuadorian Serie A,Independiente (Ecu),6432339,,,,,,,,,
Ecuadorian Serie A,LDU,474678,,,,,,,,,
Ecuadorian Serie A,Macara,6161547,,,,,,,,,
Ecuadorian Serie A,Manta FC,5366102,,,,,,,,,
Ecuadorian Serie A,Mushuc Runa,8225986,,,,,,,,,
Ecuadorian Serie A,Univ Catolica (Ecu),7005170,,,,,,,,,
Egyptian Premier,Al Ittihad (EGY),7023879,,,,,,,,,
Egyptian Premier,Al-Masry,11162123,,,,,,,,,
Egyptian Premier,ENPPI,5259327,,,,,,,,,
Egyptian Premier,Ghazl El Mahallah,10562474,,,,,,,,,
Egyptian Premier,Kahraba Ismailia,12267301,,,,,,,,,
Egyptian Premier,Modern Sport FC,77718537,,,,,,,,,
Egyptian Premier,National Bank,10492935,,,,,,,,,
Egyptian Premier,Petrojet,5168594,,,,,,,,,
Egyptian Premier,Pharco FC,10539864,,,,,,,,,
Egyptian Premier,Pyramids,19918253,,,,,,,,,
Egyptian Premier,Smouha,5170871,,,,,,,,,
Egyptian Premier,Zamalek,5174134,,,,,,,,,
English FA Cup,Arsenal,1096,,,,,,,,,
English FA Cup,Brentford,78864,,,,,,,,,
English FA Cup,Bristol City,69745,,,,,,,,,
English FA Cup,Chelsea,55190,,,,,,,,,
English FA Cup,Fulham,56764,,,,,,,,,
English FA Cup,Leeds,48317,,,,,,,,,
English FA Cup,Liverpool,56323,,,,,,,,,
English FA Cup,Man City,47999,,,,,,,,,
English FA Cup,Mansfield,69716,,,,,,,,,
English FA Cup,Newcastle,25422,,,,,,,,,
English FA Cup,Norwich,47998,,,,,,,,,
English FA Cup,Port Vale,256373,,,,,,,,,
English FA Cup,Southampton,58943,,,,,,,,,
English FA Cup,West Ham,48756,,,,,,,,,
English FA Cup,Wolves,48044,,,,,,,,,
English FA Cup,Wrexham,63604,,,,,,,,,
English Football League Cup,Arsenal,1096,,,,,,,,,
English Football League Cup,Man City,47999,,,,,,,,,
English National League,Boreham Wood,256120,,,,,,,,,
English National League,Boston Utd,256306,,,,,,,,,
English National League,Brackley Town,2145773,,,,,,,,,
English National League,Braintree,1282860,,,,,,,,,
English National League,Gateshead,18571,,,,,,,,,
English National League,Hartlepool,48303,,,,,,,,,
English National League,Morecambe,51311,,,,,,,,,
English National League,Rochdale,256383,,,,,,,,,
English National League,Southend,69719,,,,,,,,,
English National League,Sutton Utd,1034133,,,,,,,,,
English National League,Tamworth FC,21944374,,,,,,,,,
English National League,Truro City,2406160,,,,,,,,,
English National League,Wealdstone,2608900,,,,,,,,,
English National League,Woking,41998,,,,,,,,,
English National League,Yeovil,132555,,,,,,,,,
English National League,York City,256226,,,,,,,,,
English National League North,AFC Fylde,4317866,,,,,,,,,
English National League North,AFC Telford,2437391,,,,,,,,,
English National League North,Leamington,1282865,,,,,,,,,
English National League North,South Shields,11414656,,,,,,,,,
English Premier League,Arsenal,1096,,,,,,,,,
English Premier League,Aston Villa,63908,,,,,,,,,
English Premier League,Bournemouth,1141,,,,,,,,,
English Premier League,Brentford,78864,,,,,,,,,
English Premier League,Brighton,18567,,,,,,,,,
English Premier League,Burnley,56299,,,,,,,,,
English Premier League,Chelsea,55190,,,,,,,,,
English Premier League,Crystal Palace,62523,,,,,,,,,
English Premier League,Everton,56343,,,,,,,,,
English Premier League,Fulham,56764,,,,,,,,,
English Premier League,Leeds,48317,,,,,,,,,
English Premier League,Liverpool,56323,,,,,,,,,
English Premier League,Man City,47999,,,,,,,,,
English Premier League,Man Utd,48351,,,,,,,,,
English Premier League,Newcastle,25422,,,,,,,,,
English Premier League,Nottm Forest,39674645,,,,,,,,,
English Premier League,Sunderland,62783,,,,,,,,,
English Premier League,Tottenham,48224,,,,,,,,,
English Premier League,West Ham,48756,,,,,,,,,
English Premier League,Wolves,48044,,,,,,,,,
English Premier League 2 - Div 1,Reading U21,6586874,,,,,,,,,
English Premier League 2 - Div 1,Wolves U21,6667755,,,,,,,,,
English Sky Bet Championship,Birmingham,48759,,,,,,,,,
English Sky Bet Championship,Blackburn,48350,,,,,,,,,
English Sky Bet Championship,Bristol City,69745,,,,,,,,,
English Sky Bet Championship,Charlton,48349,,,,,,,,,
English Sky Bet Championship,Coventry,48043,,,,,,,,,
English Sky Bet Championship,Derby,48325,,,,,,,,,
English Sky Bet Championship,Hull,70385,,,,,,,,,
English Sky Bet Championship,Ipswich,48324,,,,,,,,,
English Sky Bet Championship,Leicester,48461,,,,,,,,,
English Sky Bet Championship,Middlesbrough,74303,,,,,,,,,
English Sky Bet Championship,Millwall,56036,,,,,,,,,
English Sky Bet Championship,Oxford Utd,256171,,,,,,,,,
English Sky Bet Championship,Portsmouth,58344,,,,,,,,,
English Sky Bet Championship,Preston,56295,,,,,,,,,
English Sky Bet Championship,QPR,62684,,,,,,,,,
English Sky Bet Championship,Sheff Utd,48470,,,,,,,,,
English Sky Bet Championship,Sheff Wed,47992,,,,,,,,,
English Sky Bet Championship,Stoke,69720,,,,,,,,,
English Sky Bet Championship,Swansea,62683,,,,,,,,,
English Sky Bet Championship,West Brom,1703,,,,,,,,,
English Sky Bet League 1,Barnsley,1117,,,,,,,,,
English Sky Bet League 1,Blackpool,64964,,,,,,,,,
English Sky Bet League 1,Bolton,48322,,,,,,,,,
English Sky Bet League 1,Bradford,48444,,,,,,,,,
English Sky Bet League 1,Burton Albion,28592,,,,,,,,,
English Sky Bet League 1,Cardiff,79343,,,,,,,,,
English Sky Bet League 1,Doncaster,49205,,,,,,,,,
English Sky Bet League 1,Exeter,66243,,,,,,,,,
English Sky Bet League 1,Huddersfield,78984,,,,,,,,,
English Sky Bet League 1,Leyton Orient,69717,,,,,,,,,
English Sky Bet League 1,Lincoln,148737,,,,,,,,,
English Sky Bet League 1,Luton,223467,,,,,,,,,
English Sky Bet League 1,Mansfield,69716,,,,,,,,,
English Sky Bet League 1,Peterborough,18563,,,,,,,,,
English Sky Bet League 1,Plymouth,148733,,,,,,,,,
English Sky Bet League 1,Port Vale,256373,,,,,,,,,
English Sky Bet League 1,Reading,103122,,,,,,,,,
English Sky Bet League 1,Rotherham,18565,,,,,,,,,
English Sky Bet League 1,Stevenage,49204,,,,,,,,,
English Sky Bet League 1,Stockport,47997,,,,,,,,,
English Sky Bet League 1,Wigan,69746,,,,,,,,,
English Sky Bet League 1,Wycombe,49584,,,,,,,,,
English Sky Bet League 2,Accrington,422179,,,,,,,,,
English Sky Bet League 2,Barnet,1165,,,,,,,,,
English Sky Bet League 2,Barrow,62647,,,,,,,,,
English Sky Bet League 2,Bristol Rovers,69821,,,,,,,,,
English Sky Bet League 2,Bromley,1282856,,,,,,,,,
English Sky Bet League 2,Cambridge Utd,256400,,,,,,,,,
English Sky Bet League 2,Cheltenham,18559,,,,,,,,,
English Sky Bet League 2,Chesterfield,219596,,,,,,,,,
English Sky Bet League 2,Colchester,148734,,,,,,,,,
English Sky Bet League 2,Crawley Town,266068,,,,,,,,,
English Sky Bet League 2,Crewe,47991,,,,,,,,,
English Sky Bet League 2,Fleetwood Town,3396710,,,,,,,,,
English Sky Bet League 2,Gillingham,56298,,,,,,,,,
English Sky Bet League 2,Grimsby,48001,,,,,,,,,
English Sky Bet League 2,Harrogate Town,256198,,,,,,,,,
English Sky Bet League 2,MK Dons,893582,,,,,,,,,
English Sky Bet League 2,Newport County,62623,,,,,,,,,
English Sky Bet League 2,Notts Co,486328,,,,,,,,,
English Sky Bet League 2,Oldham,69819,,,,,,,,,
English Sky Bet League 2,Salford City,4236580,,,,,,,,,
English Sky Bet League 2,Shrewsbury,148735,,,,,,,,,
English Sky Bet League 2,Swindon,18570,,,,,,,,,
English Sky Bet League 2,Tranmere,54004,,,,,,,,,
English Sky Bet League 2,Walsall,55213,,,,,,,,,
English U21 Pro Development League,Bournemouth U21,48724444,,,,,,,,,
English U21 Pro Development League,Bristol City U21,6597941,,,,,,,,,
English U21 Pro Development League,Cardiff City U21,6789341,,,,,,,,,
English U21 Pro Development League,Charlton U21,6808104,,,,,,,,,
English U21 Pro Development League,Crewe U21,6628863,,,,,,,,,
English U21 Pro Development League,Fleetwood Town U21,59391912,,,,,,,,,
English U21 Pro Development League,Huddersfield Town U21,60463245,,,,,,,,,
English U21 Pro Development League,Hull City U21,7840178,,,,,,,,,
English U21 Pro Development League,Millwall U21,6751920,,,,,,,,,
English U21 Pro Development League,Peterborough United U21,47816486,,,,,,,,,
English U21 Pro Development League,Queens Park Rangers U21,48031017,,,,,,,,,
English U21 Pro Development League,Sheff Utd U21,6812038,,,,,,,,,
English U21 Pro Development League,Sheff Wed U21,6813026,,,,,,,,,
English U21 Pro Development League,Swansea U21,6799680,,,,,,,,,
English U21 Pro Development League,Watford U21,10123520,,,,,,,,,
English U21 Pro Development League,Wigan Athletic U21,6596986,,,,,,,,,
FIFA World Cup,Algeria,54600,,,,,,,,,
FIFA World Cup,Argentina,55212,,,,,,,,,
FIFA World Cup,Australia,15296,,,,,,,,,
FIFA World Cup,Austria,61463,,,,,,,,,
FIFA World Cup,Brazil,1408,,,,,,,,,
FIFA World Cup,Cape Verde,262717,,,,,,,,,
FIFA World Cup,Colombia,15299,,,,,,,,,
FIFA World Cup,Croatia,8212,,,,,,,,,
FIFA World Cup,Curacao,5774593,,,,,,,,,
FIFA World Cup,Ecuador,15303,,,,,,,,,
FIFA World Cup,England,27,,,,,,,,,
FIFA World Cup,France,24,,,,,,,,,
FIFA World Cup,Germany,18,,,,,,,,,
FIFA World Cup,Ghana,75108,,,,,,,,,
FIFA World Cup,Haiti,834087,,,,,,,,,
FIFA World Cup,Ivory Coast,75104,,,,,,,,,
FIFA World Cup,Japan,29636,,,,,,,,,
FIFA World Cup,Jordan,866340,,,,,,,,,
FIFA World Cup,Mexico,37944,,,,,,,,,
FIFA World Cup,Morocco,75103,,,,,,,,,
FIFA World Cup,Netherlands,231787,,,,,,,,,
FIFA World Cup,Panama,520320,,,,,,,,,
FIFA World Cup,Paraguay,55211,,,,,,,,,
FIFA World Cup,Qatar,53447,,,,,,,,,
FIFA World Cup,Saudi Arabia,51092,,,,,,,,,
FIFA World Cup,Scotland,447,,,,,,,,,
FIFA World Cup,Senegal,64983,,,,,,,,,
FIFA World Cup,South Africa,33291,,,,,,,,,
FIFA World Cup,Spain,22,,,,,,,,,
FIFA World Cup,Switzerland,15293,,,,,,,,,
FIFA World Cup,USA,352,,,,,,,,,
FIFA World Cup,Uruguay,15298,,,,,,,,,
FIFA World Cup,Uzbekistan,51090,,,,,,,,,
French Cup,Lorient,44794,,,,,,,,,
French Cup,Marseille,52457652,,,,,,,,,
French Cup,Nice,189829,1,,,,,,,,
French Cup,Reims,298233,,,,,,,,,
French Cup,Strasbourg,51404,,,,,,,,,
French Cup,Toulouse,305969,,,,,,,,,
French Ligue 1,Angers,473963,,,,,,,,,
French Ligue 1,Auxerre,44800,,,,,,,,,
French Ligue 1,Brest,669348,,,,,,,,,
French Ligue 1,Le Havre,70446,,,,,,,,,
French Ligue 1,Lens,44793,,,,,,,,,
French Ligue 1,Lille,44790,,,,,,,,,
French Ligue 1,Lorient,44794,,,,,,,,,
French Ligue 1,Lyon,55271,,,,,,,,,
French Ligue 1,Marseille,52457652,,,,,,,,,
French Ligue 1,Metz,44795,,,,,,,,,
French Ligue 1,Monaco,361706,,,,,,,,,
French Ligue 1,Nantes,10774,,,,,,,,,
French Ligue 1,Nice,189829,1,,,,,,,,
French Ligue 1,Paris FC,5168454,,,,,,,,,
French Ligue 1,Paris St-G,489720,,,,,,,,,
French Ligue 1,Rennes,44799,1,,,,,,,,
French Ligue 1,Strasbourg,51404,,,,,,,,,
French Ligue 1,Toulouse,305969,,,,,,,,,
French Ligue 2,Amiens,70467,,,,,,,,,
French Ligue 2,ESTAC Troyes,4864974,,,,,,,,,
Friendlies Women's International,Tajikistan (W),12631679,,,,,,,,,
Friendlies Women's International,UAE (W),9308558,,,,,,,,,
German 3 Liga,1860 Munich,2443,,,,,,,,,
German 3 Liga,Cottbus,204683,,,,,,,,,
German 3 Liga,Duisburg,210943,,,,,,,,,
German 3 Liga,Erzgebirge,476499,,,,,,,,,
German 3 Liga,Hoffenheim II,5730521,,,,,,,,,
German 3 Liga,Jahn Regensburg,4855758,,,,,,,,,
German 3 Liga,SSV Ulm,6542374,,,,,,,,,
German 3 Liga,Saarbrucken,110687,,,,,,,,,
German 3 Liga,Schweinfurt,111723,,,,,,,,,
German 3 Liga,Stuttgart II,6507690,,,,,,,,,
German 3 Liga,TSV Havelse,5340376,,,,,,,,,
German 3 Liga,VFL Osnabruck,13450471,,,,,,,,,
German 3 Liga,Verl,4901988,,,,,,,,,
German 3 Liga,Viktoria Koln,6542379,,,,,,,,,
German Bundesliga,Augsburg,498560,,,,,,,,,
German Bundesliga,Bayern Munich,5774350,,,,,,,,,
German Bundesliga,Dortmund,44785,,,,,,,,,
German Bundesliga,Eintracht Frankfurt,347774,,,,,,,,,
German Bundesliga,FC Heidenheim,3237590,,,,,,,,,
German Bundesliga,FC Koln,44783,,,,,,,,,
German Bundesliga,Freiburg,44520,,,,,,,,,
German Bundesliga,Hamburger SV,44784,,,,,,,,,
German Bundesliga,Hoffenheim,208026,,,,,,,,,
German Bundesliga,Leverkusen,44787,,,,,,,,,
German Bundesliga,Mainz,64374,,,,,,,,,
German Bundesliga,Mgladbach,84649,,,,,,,,,
German Bundesliga,RB Leipzig,5340398,,,,,,,,,
German Bundesliga,St Pauli,44526,,,,,,,,,
German Bundesliga,Stuttgart,44519,,,,,,,,,
German Bundesliga,Union Berlin,50347,,,,,,,,,
German Bundesliga,Werder Bremen,6555433,,,,,,,,,
German Bundesliga,Wolfsburg,44521,,,,,,,,,
German Bundesliga 2,Arminia Bielefeld,347829,,,,,,,,,
German Bundesliga 2,Bochum,67143,,,,,,,,,
German Bundesliga 2,Braunschweig,199184,,,,,,,,,
German Bundesliga 2,Dynamo Dresden,498543,,,,,,,,,
German Bundesliga 2,Elversberg,500893,,,,,,,,,
German Bundesliga 2,FC Magdeburg,516219,,,,,,,,,
German Bundesliga 2,Fortuna Dusseldorf,879210,,,,,,,,,
German Bundesliga 2,Greuther Furth,64375,,,,,,,,,
German Bundesliga 2,Hannover,197307,,,,,,,,,
German Bundesliga 2,Hertha Berlin,44518,,,,,,,,,
German Bundesliga 2,Holstein Kiel,247830,,,,,,,,,
German Bundesliga 2,Kaiserslautern,14075,,,,,,,,,
German Bundesliga 2,Karlsruhe,113191,,,,,,,,,
German Bundesliga 2,Nurnberg,121724,,,,,,,,,
German Bundesliga 2,Paderborn,208035,,,,,,,,,
German Bundesliga 2,Preussen Munster,3235019,,,,,,,,,
German Bundesliga 2,SV Darmstadt,993093,,,,,,,,,
German Bundesliga 2,Schalke 04,44517,,,,,,,,,
Greek Super League,AEK Athens,10758,,,,,,,,,
Greek Super League,Aris,244704,,,,,,,,,
Greek Super League,Asteras Tripolis,1300930,,,,,,,,,
Greek Super League,NFC Volos,16417407,,,,,,,,,
Greek Super League,OFI,728087,,,,,,,,,
Greek Super League,PAOK,232095,,,,,,,,,
Greek Super League,Panathinaikos,50334,,,,,,,,,
Guatemalan Liga Nacional,Achuapa FC,22322424,,,,,,,,,
Guatemalan Liga Nacional,Aurora FC,10403197,,,,,,,,,
Guatemalan Liga Nacional,Coban Imperial,9514810,,,,,,,,,
Guatemalan Liga Nacional,Deportivo Mictlan,22393265,,,,,,,,,
Guatemalan Liga Nacional,Deportivo Mixco,12851628,,,,,,,,,
Guatemalan Liga Nacional,Xelaju,4867482,,,,,,,,,
Guatemalan Primera Division de Ascenso,Club Deportivo Iztapa,22373815,,,,,,,,,
Guatemalan Primera Division de Ascenso,Deportivo Carcha,10748978,,,,,,,,,
Guatemalan Primera Division de Ascenso,Deportivo Nueva Concepcion,15993271,,,,,,,,,
Guatemalan Primera Division de Ascenso,Deportivo San Pedro,9228858,,,,,,,,,
Guatemalan Primera Division de Ascenso,Quiche FC,20122973,,,,,,,,,
Guatemalan Primera Division de Ascenso,Suchitepequez,9216457,,,,,,,,,
Honduras Liga Nacional,CD Marathon,3379962,,,,,,,,,
Honduras Liga Nacional,CD Motagua,2888928,,,,,,,,,
Honduras Liga Nacional,CD Olimpia,1395933,,,,,,,,,
Honduras Liga Nacional,Genesis Huracan,41253113,,,,,,,,,
Honduras Liga Nacional,Lobos UPNFM,13620260,,,,,,,,,
Honduras Liga Nacional,Olancho,38722450,,,,,,,,,
Honduras Liga Nacional,Platense FC,8244844,,,,,,,,,
Honduras Liga Nacional,Real Espana,4065664,,,,,,,,,
Hungarian NB I,Ferencvaros,198748,,,,,,,,,
Hungarian NB I,Kazincbarcika,3423391,,,,,,,,,
Hungarian NB I,Nyiregyhaza,886335,,,,,,,,,
Hungarian NB I,Puskas Akademia,8526875,,,,,,,,,
Hungarian NB II,Bekescsaba,505949,,,,,,,,,
Hungarian NB II,Fehervar,1078468,,,,,,,,,
Icelandic League Cup,Valur,399803,,,,,,,,,
Icelandic League Cup,Volsungur,4742657,,,,,,,,,
Indonesian Super League,Madura Utd,11195376,,,,,,,,,
Indonesian Super League,Malut United,65210173,,,,,,,,,
Indonesian Super League,PSM Makassar,9433230,,,,,,,,,
Indonesian Super League,Persebaya Surabaya,10224413,,,,,,,,,
Indonesian Super League,Persib Bandung,5221477,,,,,,,,,
Indonesian Super League,Persija Jakarta,5221469,,,,,,,,,
Indonesian Super League,Persita Tangerang,7292505,,,,,,,,,
Indonesian Super League,Psim Yogyakarta,13087410,,,,,,,,,
Indonesian Super League,Pusamania Borneo FC,9130100,,,,,,,,,
Indonesian Super League,Semen Padang,5236195,,,,,,,,,
Irish Premier Division,Bohemians,3814,,,,,,,,,
Irish Premier Division,Derry City,298592,,,,,,,,,
Irish Premier Division,Galway Utd,318841,,,,,,,,,
Irish Premier Division,Shamrock Rovers,184325,,,,,,,,,
Irish Premier Division,St Patricks,364471,,,,,,,,,
Irish Premier Division,Waterford,364470,,,,,,,,,
Italian Coppa Italia,Atalanta,215817,,,,,,,,,
Italian Coppa Italia,Como,60298,,,,,,,,,
Italian Coppa Italia,Inter,63347,1,,,,,,,,
Italian Coppa Italia,Lazio,56966,,,,,,,,,
Italian Serie A,AC Milan,127991,,,,,,,,,
Italian Serie A,Atalanta,215817,,,,,,,,,
Italian Serie A,Bologna,199545,,,,,,,,,
Italian Serie A,Cagliari,60297,,,,,,,,,
Italian Serie A,Como,60298,,,,,,,,,
Italian Serie A,Fiorentina,676467,1,,,,,,,,
Italian Serie A,Genoa,60310,,,,,,,,,
Italian Serie A,Inter,63347,1,,,,,,,,
Italian Serie A,Juventus,52475015,1,,,,,,,,
Italian Serie A,Lazio,56966,,,,,,,,,
Italian Serie A,Lecce,508827,1,,,,,,,,
Italian Serie A,Napoli,676464,,,,,,,,,
Italian Serie A,Parma,191607,,,,,,,,,
Italian Serie A,Pisa,501200,,,,,,,,,
Italian Serie A,Roma,56967,,,,,,,,,
Italian Serie A,Sassuolo,2013140,,,,,,,,,
Italian Serie A,Torino,44503,,,,,,,,,
Italian Serie A,US Cremonese,10513040,,,,,,,,,
Italian Serie A,Udinese,215821,,,,,,,,,
Italian Serie A,Verona,676465,,,,,,,,,
Italian Serie B,AC Monza,13659467,,,,,,,,,
Italian Serie B,Avellino,20530702,,,,,,,,,
Italian Serie B,Carrarese,5727549,1,,,,,,,,
Italian Serie B,Cesena,501219,,,,,,,,,
Italian Serie B,Entella,4893589,,,,,,,,,
Italian Serie B,Mantova,924269,,,,,,,,,
Italian Serie B,Modena,60293,,,,,,,,,
Italian Serie B,Padova,522042,,,,,,,,,
Italian Serie B,Reggiana,522049,1,,,,,,,,
Italian Serie B,Spezia,522041,1,,,,,,,,
Italian Serie B,Sudtirol,4893599,,,,,,,,,
Italian Serie B,Venezia,44504,,,,,,,,,
Italian Serie C,Arezzo,522048,,,,,,,,,
Italian Serie C,FC Guidonia Montecelio 1937,73074439,,,,,,,,,
Italian Serie C,Gubbio,4893592,,,,,,,,,
Italian Serie C,Nuovo Campobasso,6751941,,,,,,,,,
Italian Serie C,Ravenna,1235223,,,,,,,,,
Italian Serie C,Ternana,60308,,,,,,,,,
Jamaican Premier League,Arnett Gardens FC,7666192,,,,,,,,,
Jamaican Premier League,Cavalier,10532369,,,,,,,,,
Jamaican Premier League,Chapelton,55625925,,,,,,,,,
Jamaican Premier League,Dunbeholden FC,20674219,,,,,,,,,
Jamaican Premier League,Montego Bay United,7723743,,,,,,,,,
Jamaican Premier League,Mount Pleasant FC,20684338,,,,,,,,,
Jamaican Premier League,Portmore Utd,13704618,,,,,,,,,
Jamaican Premier League,Racing United FC,74432989,,,,,,,,,
Jamaican Premier League,Tivoli Gardens,7716759,,,,,,,,,
Jamaican Premier League,Treasure Beach FC,62485939,,,,,,,,,
Japanese J. League 100 Year Vision,Kyoto,441085,,,,,,,,,
Japanese J. League 100 Year Vision,Okayama,5561025,,,,,,,,,
Kenyan Premier League,Adm Police Service Bomet,26102302,,,,,,,,,
Kenyan Premier League,Bidco United,9652510,,,,,,,,,
Kenyan Premier League,Kakamega Homeboyz,10886674,,,,,,,,,
Kenyan Premier League,Ulinzi Stars,9670772,,,,,,,,,
Kosovan Superliga,KF Drita,15182386,,,,,,,,,
Kosovan Superliga,Prishtina,13356035,,,,,,,,,
Mexican Liga MX,Atlas,328950,,,,,,,,,
Mexican Liga MX,Atletico San Luis,10781957,,,,,,,,,
Mexican Liga MX,CF America,328952,,,,,,,,,
Mexican Liga MX,Cruz Azul,328204,,,,,,,,,
Mexican Liga MX,FC Juarez,10002706,,,,,,,,,
Mexican Liga MX,Mazatlan FC,30582862,,,,,,,,,
Mexican Liga MX,Monterrey,328949,,,,,,,,,
Mexican Liga MX,Necaxa,230910,,,,,,,,,
Mexican Liga MX,Pachuca,328954,,,,,,,,,
Mexican Liga MX,Puebla,328956,,,,,,,,,
Mexican Liga MX,Pumas UNAM,328955,,,,,,,,,
Mexican Liga MX,Queretaro,328926,,,,,,,,,
Mexican Liga MX,Santos Laguna,328957,,,,,,,,,
Mexican Liga MX,Tigres,328916,,,,,,,,,
Mexican Liga MX,Tijuana,5687741,,,,,,,,,
Mexican Liga MX,Toluca,230914,,,,,,,,,
Mexican Liga de Ascenso,Alebrijes de Oaxaca,13625306,,,,,,,,,
Mexican Liga de Ascenso,Atlante,230270,,,,,,,,,
Mexican Liga de Ascenso,CD Tepatitlan de Morelos,15976071,,,,,,,,,
Mexican Liga de Ascenso,Deportivo Irapuato FC,21377458,,,,,,,,,
Mexican Liga de Ascenso,Tlaxcala F.C,20518252,,,,,,,,,
Mexican Liga de Ascenso,Universidad Guadalajara,6533140,,,,,,,,,
Moroccan Botola 2,SCCM Chabab Mohamedia,25848557,,,,,,,,,
Moroccan Botola 2,USM Oujda,8188334,,,,,,,,,
Moroccan Botola Pro 1,Club R Zemamra,14374334,,,,,,,,,
Moroccan Botola Pro 1,FUS Rabat,6681575,,,,,,,,,
Moroccan Botola Pro 1,HUSA Agadir,6360286,,,,,,,,,
Moroccan Botola Pro 1,RSB Berkane,6666990,,,,,,,,,
Moroccan Botola Pro 1,Raja Casablanca,6356893,,,,,,,,,
Moroccan Botola Pro 1,Wydad Casablanca,4018643,,,,,,,,,
Panamanian Premier League,Alianza FC (Pan),10766409,,,,,,,,,
Panamanian Premier League,Arabe Unido,4067827,,,,,,,,,
Panamanian Premier League,Atletico Independiente,10490343,,,,,,,,,
Panamanian Premier League,Herrera FC,38546834,,,,,,,,,
Panamanian Premier League,San Francisco FC,3381777,,,,,,,,,
Panamanian Premier League,Sporting San Miguelito,10389968,,,,,,,,,
Paraguayan Primera Division,Guarani (Par),489163,,,,,,,,,
Paraguayan Primera Division,Nacional (Par),1370433,,,,,,,,,
Peruvian Primera Division,Atletico Grau,16192656,,,,,,,,,
Peruvian Primera Division,Comerciantes Unidos,10778457,,,,,,,,,
Peruvian Primera Division,Cusco FC,27767097,,,,,,,,,
Peruvian Primera Division,FC Cajamarca,84010697,,,,,,,,,
Peruvian Primera Division,Juan Pablo II College,62960875,,,,,,,,,
Peruvian Primera Division,Universitario de Deportes,3636903,,,,,,,,,
Polish 2 Liga,NKP Podhale Nowy Targ,11002792,,,,,,,,,
Polish 2 Liga,Stal Stalowa Wola,2618038,,,,,,,,,
Polish Ekstraklasa,Lech Poznan,502303,,,,,,,,,
Polish Ekstraklasa,Rakow Czestochowa,5876552,,,,,,,,,
Polish Ekstraklasa,Wisla Plock,487520,,,,,,,,,
Polish Ekstraklasa,Zaglebie Lubin,166904,,,,,,,,,
Polish I Liga,Odra Opole,2618007,,,,,,,,,
Polish I Liga,Stal Mielec,10133739,,,,,,,,,
Portuguese Cup,Porto,48785,,,,,,,,,
Portuguese Cup,Sporting Lisbon,52495073,,,,,,,,,
Portuguese Primeira Liga,AVS Futebol SAD,58252361,,,,,,,,,
Portuguese Primeira Liga,Alverca,48789,,,,,,,,,
Portuguese Primeira Liga,Benfica,48783,,,,,,,,,
Portuguese Primeira Liga,Casa Pia,616839,1,,,,,,,,
Portuguese Primeira Liga,Famalicao,5875376,,,,,,,,,
Portuguese Primeira Liga,Gil Vicente,48784,,,,,,,,,
Portuguese Primeira Liga,Moreirense,191604,,,,,,,,,
Portuguese Primeira Liga,Rio Ave,495321,,,,,,,,,
Portuguese Primeira Liga,Santa Clara,48793,1,,,,,,,,
Portuguese Primeira Liga,Tondela,4240339,,,,,,,,,
Portuguese Segunda Liga,Benfica B,6563318,,,,,,,,,
Portuguese Segunda Liga,Feirense,505957,,,,,,,,,
Portuguese Segunda Liga,Felgueiras,334304,,,,,,,,,
Portuguese Segunda Liga,Oliveirense,616886,,,,,,,,,
Portuguese Segunda Liga,Pacos Ferreira,48787,,,,,,,,,
Portuguese Segunda Liga,Penafiel,505984,1,,,,,,,,
Romanian Cup,Argeș Pitești,1557297,,,,,,,,,
Romanian Cup,CFR Cluj,1193695,,,,,,,,,
Romanian Cup,CS Gloria 2018 Bistrita-Nasaud,40674969,,,,,,,,,
Romanian Cup,Hermannstadt,13144766,,,,,,,,,
Romanian Cup,Universitatea Cluj,2487034,,,,,,,,,
Romanian Cup,Universitatea Craiova,2487036,,,,,,,,,
Romanian Liga I,ACS Petrolul 52,14299496,,,,,,,,,
Romanian Liga I,Argeș Pitești,1557297,,,,,,,,,
Romanian Liga I,Botosani,3465177,,,,,,,,,
Romanian Liga I,Csikszereda,8886239,,,,,,,,,
Romanian Liga I,Dinamo Bucharest,46937,,,,,,,,,
Romanian Liga I,FCSB,12819357,,,,,,,,,
Romanian Liga I,Farul Constanta,1556985,,,,,,,,,
Romanian Liga I,Hermannstadt,13144766,,,,,,,,,
Romanian Liga I,Otelul Galati,866238,,,,,,,,,
Romanian Liga I,Rapid Bucharest,6394,,,,,,,,,
Romanian Liga I,UTA Arad,2311174,,,,,,,,,
Romanian Liga I,Unirea Slobozia,6803100,,,,,,,,,
Romanian Liga I,Universitatea Craiova,2487036,,,,,,,,,
Salvadoran Primera Division,AD Isidro Metapan,4073256,,,,,,,,,
Salvadoran Primera Division,CD Aguila,10481507,,,,,,,,,
Salvadoran Primera Division,CD Cacahuatique,21653493,,,,,,,,,
Salvadoran Primera Division,CD Platense,9282715,,,,,,,,,
Salvadoran Primera Division,Fuerte San Francisco,13425078,,,,,,,,,
Salvadoran Primera Division,Hercules,248015,,,,,,,,,
Saudi 1st Division,Abha,10732580,,,,,,,,,
Saudi 1st Division,Al Batin,77353032,,,,,,,,,
Saudi 1st Division,Al Bukayriyah,25759565,,,,,,,,,
Saudi 1st Division,Al Draih,7857465,,,,,,,,,
Saudi 1st Division,Al Faisaly ( KSA ),22139784,,,,,,,,,
Saudi 1st Division,Al Jabalain,12401456,,,,,,,,,
Saudi 1st Division,Al Jubail,26543395,,,,,,,,,
Saudi 1st Division,Al-Adalh,21070765,,,,,,,,,
Saudi 1st Division,Al-Anwar Club,26786643,,,,,,,,,
Saudi 1st Division,Al-Arabi Al-Saudi,21468169,,,,,,,,,
Saudi 1st Division,Al-Jndal,21772357,,,,,,,,,
Saudi 1st Division,Al-Raed (KSA),6818039,,,,,,,,,
Saudi 1st Division,Al-Zulfi SC,16660302,,,,,,,,,
Saudi 1st Division,Jeddah Club,14841985,,,,,,,,,
Saudi Professional League,Al Riyadh SC,5327845,,,,,,,,,
Saudi Professional League,Dhamk,16398677,,,,,,,,,
Scottish Championship,Arbroath,306045,,,,,,,,,
Scottish Championship,Ayr,48005,,,,,,,,,
Scottish Championship,Dunfermline,48812,,,,,,,,,
Scottish Championship,Ross Co,674742,,,,,,,,,
Scottish FA Cup,Aberdeen,1189,,,,,,,,,
Scottish FA Cup,Dundee Utd,48818,,,,,,,,,
Scottish FA Cup,Dunfermline,48812,,,,,,,,,
Scottish FA Cup,Falkirk,328049,,,,,,,,,
Scottish FA Cup,Partick,191567,,,,,,,,,
Scottish FA Cup,St Mirren,674748,,,,,,,,,
Scottish League One,Hamilton,203716,,,,,,,,,
Scottish League One,Kelty Hearts,10317903,,,,,,,,,
Scottish League One,Montrose,674746,,,,,,,,,
Scottish League One,Stenhousemuir,729806,,,,,,,,,
Scottish League Two,Spartans,66266,,,,,,,,,
Scottish League Two,Stirling,729811,,,,,,,,,
Scottish Premiership,Aberdeen,1189,,,,,,,,,
Scottish Premiership,Celtic,52495022,,,,,,,,,
Scottish Premiership,Falkirk,328049,,,,,,,,,
Scottish Premiership,Hearts,47993,,,,,,,,,
Scottish Premiership,Hibernian,9166,,,,,,,,,
Scottish Premiership,Kilmarnock,56086,,,,,,,,,
Scottish Premiership,Livingston,57423,,,,,,,,,
Scottish Premiership,Motherwell,10707,,,,,,,,,
Serbian Super League,Crvena Zvezda,6399,,,,,,,,,
Serbian Super League,FK IMT Novi Beograd,17203916,,,,,,,,,
Serbian Super League,FK Radnicki 1923,10465511,,,,,,,,,
Serbian Super League,Radnik Surdulica,8860947,,,,,,,,,
SheBelievesCup,Argentina (W),541843,,,,,,,,,
SheBelievesCup,Canada (W),541840,,,,,,,,,
SheBelievesCup,Colombia (W),5533853,,,,,,,,,
SheBelievesCup,USA (W),541859,,,,,,,,,
Slovenian Premier League,NK Bravo,15740271,,,,,,,,,
Slovenian Premier League,NK Celje,3188553,,,,,,,,,
South African Premier Division,Kaizer Chiefs,364675,,,,,,,,,
South African Premier Division,Orbit College FC,63178093,,,,,,,,,
South African Premier Division,Richards Bay FC,17586408,,,,,,,,,
South African Premier Division,Siwelele FC,87379644,,,,,,,,,
South African Premier Division,Stellenbosch FC,12678248,,,,,,,,,
South African Premier Division,TS Galaxy FC,20785087,,,,,,,,,
South Korean K1 League,Daejeon Citizen,5352230,,,,,,,,,
South Korean K1 League,FC Anyang,7564870,,,,,,,,,
South Korean K2 League,Busan IPark,16224040,,,,,,,,,
South Korean K2 League,Chungnam Asan,41061425,,,,,,,,,
South Korean K2 League,Paju Citizen,24211528,,,,,,,,,
South Korean K2 League,Seongnam FC,12479164,1,,,,,,,,
Spanish Copa del Rey,Athletic Bilbao,9162,,,,,,,,,
Spanish Copa del Rey,Atletico Madrid,52480965,,,,,,,,,
Spanish Copa del Rey,Barcelona,52480964,,,,,,,,,
Spanish Copa del Rey,Real Sociedad,18573,,,,,,,,,
Spanish La Liga,Alaves,60324,,,,,,,,,
Spanish La Liga,Athletic Bilbao,9162,,,,,,,,,
Spanish La Liga,Atletico Madrid,52480965,,,,,,,,,
Spanish La Liga,Barcelona,52480964,,,,,,,,,
Spanish La Liga,Betis,44507,,,,,,,,,
Spanish La Liga,Celta Vigo,66483,,,,,,,,,
Spanish La Liga,Elche,309111,1,,,,,,,,
Spanish La Liga,Espanyol,59044,1,,,,,,,,
Spanish La Liga,Getafe,248010,,,,,,,,,
Spanish La Liga,Girona,968185,1,,,,,,,,
Spanish La Liga,Levante,214865,,,,,,,,,
Spanish La Liga,Mallorca,10542,1,,,,,,,,
Spanish La Liga,Osasuna,10543,,,,,,,,,
Spanish La Liga,Oviedo,21678,,,,,,,,,
Spanish La Liga,Rayo Vallecano,10779,,,,,,,,,
Spanish La Liga,Real Madrid,2426,,,,,,,,,
Spanish La Liga,Real Sociedad,18573,,,,,,,,,
Spanish La Liga,Sevilla,52480974,,,,,,,,,
Spanish La Liga,Valencia,66183,,,,,,,,,
Spanish La Liga,Villarreal,28191,,,,,,,,,
Spanish Segunda Division,AD Ceuta FC,8179917,,,,,,,,,
Spanish Segunda Division,Albacete,309089,,,,,,,,,
Spanish Segunda Division,Andorra CF,5759757,1,,,,,,,,
Spanish Segunda Division,CD Castellon,8916596,1,,,,,,,,
Spanish Segunda Division,Cadiz,516259,,,,,,,,,
Spanish Segunda Division,Cordoba,68247,,,,,,,,,
Spanish Segunda Division,Eibar,247969,,,,,,,,,
Spanish Segunda Division,Huesca,2250353,,,,,,,,,
Spanish Segunda Division,Las Palmas,9163,,,,,,,,,
Spanish Segunda Division,Leganes,309109,1,,,,,,,,
Spanish Segunda Division,Leonesa,565022,,,,,,,,,
Spanish Segunda Division,Mirandes,565024,,,,,,,,,
Spanish Segunda Division,Sociedad B,2250345,,,,,,,,,
Spanish Segunda Division,Sporting Gijon,68246,,,,,,,,,
Spanish Segunda Division,Zaragoza,48798,,,,,,,,,
Swedish Cup,Djurgardens,232104,,,,,,,,,
Swedish Cup,Hammarby,30679,,,,,,,,,
Swedish Cup,Helsingborgs,764222,,,,,,,,,
Swedish Cup,Orebro,42617,,,,,,,,,
Swedish Cup,Sirius,4638067,,,,,,,,,
Swedish Cup,Skovde,18308554,,,,,,,,,
Swiss Super League,FC Basel,2939090,,,,,,,,,
Swiss Super League,FC Zurich,65783,,,,,,,,,
Swiss Super League,Grasshoppers Zurich,373489,,,,,,,,,
Swiss Super League,Lausanne,2093796,,,,,,,,,
Swiss Super League,Lugano,65780,,,,,,,,,
Swiss Super League,Luzern,65784,,,,,,,,,
Swiss Super League,Servette,51405,,,,,,,,,
Swiss Super League,Sion,65785,,,,,,,,,
Swiss Super League,St Gallen,6392,,,,,,,,,
Swiss Super League,Thun,176184,,,,,,,,,
Swiss Super League,Winterthur,458019,,,,,,,,,
Swiss Super League,Young Boys,65778,,,,,,,,,
Turkish 1 Lig,Corum Belediyespor,6781499,,,,,,,,,
Turkish 1 Lig,Manisa FK,27282595,,,,,,,,,
Turkish 1 Lig,Sakaryaspor,508781,,,,,,,,,
Turkish 1 Lig,Sariyer G.K.,10486194,,,,,,,,,
Turkish Cup,Alanyaspor,2080777,,,,,,,,,
Turkish Cup,Basaksehir,10071088,1,,,,,,,,
Turkish Cup,Galatasaray,2436,1,,,,,,,,
Turkish Cup,Trabzonspor,113125,,,,,,,,,
Turkish Super League,Antalyaspor,113188,,,,,,,,,
Turkish Super League,Basaksehir,10071088,1,,,,,,,,
Turkish Super League,Fenerbahce,46726,,,,,,,,,
Turkish Super League,Gaziantep FK,13848831,,,,,,,,,
Turkish Super League,Goztepe,113239,,,,,,,,,
Turkish Super League,Samsunspor,113124,,,,,,,,,
UEFA Champions League,Arsenal,1096,,,,,,,,,
UEFA Champions League,Atalanta,215817,,,,,,,,,
UEFA Champions League,Atletico Madrid,52480965,,,,,,,,,
UEFA Champions League,Barcelona,52480964,,,,,,,,,
UEFA Champions League,Bayern Munich,5774350,,,,,,,,,
UEFA Champions League,Bodo Glimt,373549,,,,,,,,,
UEFA Champions League,Chelsea,55190,,,,,,,,,
UEFA Champions League,Galatasaray,2436,1,,,,,,,,
UEFA Champions League,Leverkusen,44787,,,,,,,,,
UEFA Champions League,Liverpool,56323,,,,,,,,,
UEFA Champions League,Man City,47999,,,,,,,,,
UEFA Champions League,Newcastle,25422,,,,,,,,,
UEFA Champions League,Paris St-G,489720,,,,,,,,,
UEFA Champions League,Real Madrid,2426,,,,,,,,,
UEFA Champions League,Sporting Lisbon,52495073,,,,,,,,,
UEFA Champions League,Tottenham,48224,,,,,,,,,
UEFA Europa Conference League,AEK Athens,10758,,,,,,,,,
UEFA Europa Conference League,AEK Larnaca,908335,,,,,,,,,
UEFA Europa Conference League,Az Alkmaar,9220660,,,,,,,,,
UEFA Europa Conference League,Crystal Palace,62523,,,,,,,,,
UEFA Europa Conference League,Fiorentina,676467,1,,,,,,,,
UEFA Europa Conference League,Lech Poznan,502303,,,,,,,,,
UEFA Europa Conference League,Mainz,64374,,,,,,,,,
UEFA Europa Conference League,NK Celje,3188553,,,,,,,,,
UEFA Europa Conference League,Rakow Czestochowa,5876552,,,,,,,,,
UEFA Europa Conference League,Rayo Vallecano,10779,,,,,,,,,
UEFA Europa Conference League,Rijeka,166890,,,,,,,,,
UEFA Europa Conference League,Samsunspor,113124,,,,,,,,,
UEFA Europa Conference League,Shakhtar,52495027,,,,,,,,,
UEFA Europa Conference League,Sigma Olomouc,50337,,,,,,,,,
UEFA Europa Conference League,Sparta Prague,110475,,,,,,,,,
UEFA Europa Conference League,Strasbourg,51404,,,,,,,,,
UEFA Europa League,Aston Villa,63908,,,,,,,,,
UEFA Europa League,Betis,44507,,,,,,,,,
UEFA Europa League,Bologna,199545,,,,,,,,,
UEFA Europa League,Braga,48799,,,,,,,,,
UEFA Europa League,Celta Vigo,66483,,,,,,,,,
UEFA Europa League,Ferencvaros,198748,,,,,,,,,
UEFA Europa League,Freiburg,44520,,,,,,,,,
UEFA Europa League,Genk,14072,,,,,,,,,
UEFA Europa League,Lille,44790,,,,,,,,,
UEFA Europa League,Lyon,55271,,,,,,,,,
UEFA Europa League,Midtjylland,28220,,,,,,,,,
UEFA Europa League,Nottm Forest,39674645,,,,,,,,,
UEFA Europa League,Panathinaikos,50334,,,,,,,,,
UEFA Europa League,Porto,48785,,,,,,,,,
UEFA Europa League,Roma,56967,,,,,,,,,
UEFA Europa League,Stuttgart,44519,,,,,,,,,
US MLS,Atlanta Utd,12592557,,,,,,,,,
US MLS,Austin FC,39013198,,,,,,,,,
US MLS,Chicago Fire,226469,,,,,,,,,
US MLS,Colorado,171911,,,,,,,,,
US MLS,Columbus,171903,,,,,,,,,
US MLS,DC Utd,436099,,,,,,,,,
US MLS,FC Dallas,2937353,,,,,,,,,
US MLS,Houston Dynamo,1432923,,,,,,,,,
US MLS,Inter Miami CF,27785243,,,,,,,,,
US MLS,LA Galaxy,2658589,,,,,,,,,
US MLS,Los Angeles FC,17268707,,,,,,,,,
US MLS,Minnesota Utd,7533070,,,,,,,,,
US MLS,Nashville SC,17790476,,,,,,,,,
US MLS,New England,171907,,,,,,,,,
US MLS,New York City,9280784,,,,,,,,,
US MLS,Orlando City,5640226,,,,,,,,,
US MLS,Philadelphia,4589333,,,,,,,,,
US MLS,Portland Timbers,4004854,,,,,,,,,
US MLS,Real Salt Lake,1101610,,,,,,,,,
US MLS,San Diego FC,79351400,,,,,,,,,
US MLS,St Louis City SC,52290449,,,,,,,,,
US MLS,Vancouver Whitecaps,5383053,,,,,,,,,
US United Soccer League,Birmingham Legion FC,23254091,,,,,,,,,
US United Soccer League,Colorado Springs Switchba,23869299,,,,,,,,,
US United Soccer League,El Paso Locomotive FC,23254087,,,,,,,,,
US United Soccer League,Monterey Bay FC,43274842,,,,,,,,,
US United Soccer League,Oakland Roots,26234642,,,,,,,,,
US United Soccer League,Phoenix Rising FC,12765799,,,,,,,,,
US United Soccer League,Sacramento Republic,8582482,,,,,,,,,
US United Soccer League,San Antonio FC,10992747,,,,,,,,,
US United Soccer League,Tampa Bay Rowdies,6295051,,,,,,,,,
US United Soccer League,Tulsa Roughnecks FC,9370034,,,,,,,,,
Ukrainian Premier League,Karpaty,2017824,,,,,,,,,
Ukrainian Premier League,Kolos Kovalyovka,10403841,,,,,,,,,
Unknown/Friendly,Test C,10532663,,,,,,,,,
Unknown/Friendly,Test F,19763620,,,,,,,,,
Unknown/Friendly,Test V,72148127,,,,,,,,,
Unknown/Friendly,Test W,16353837,,,,,,,,,
Unknown/Friendly,test a,7111624,,,,,,,,,
Unknown/Friendly,test b,7111625,,,,,,,,,
Uruguayan Primera Division,Nacional (Uru),504780,,,,,,,,,
Uruguayan Primera Division,Penarol,328191,1,,,,,,,,
Venezuelan Primera Division,Academia Anzoategui FC,48712776,,,,,,,,,
Venezuelan Primera Division,Deportivo La Guaira,7658015,,,,,,,,,
Venezuelan Primera Division,Rayo Zuliano,46783501,,,,,,,,,
Venezuelan Primera Division,Trujillanos,1224046,,,,,,,,,
Welsh Premiership,Barry Town Utd,8749415,,,,,,,,,
Welsh Premiership,Connahs Quay,339727,,,,,,,,,
Welsh Premiership,Penybont FC,8089085,,,,,,,,,
Welsh Premiership,The New Saints,3667304,,,,,,,,,
